{"level":"info","message":{"duration":"44ms","method":"GET","params":{},"path":"/health","query":{},"status":200},"timestamp":"2025-10-23T16:15:02.088Z"}
{"level":"info","message":{"duration":"6ms","method":"GET","path":"/favicon.ico","query":{},"status":404},"timestamp":"2025-10-23T16:15:02.183Z"}
{"level":"info","message":{"duration":"2ms","method":"GET","path":"/health/detailed","query":{},"status":404},"timestamp":"2025-10-23T16:16:34.286Z"}
{"level":"info","message":{"duration":"3ms","method":"GET","path":"/health/detailed","query":{},"status":404},"timestamp":"2025-10-23T16:18:34.362Z"}
{"level":"info","message":{"duration":"5ms","method":"GET","path":"/health/detailed","query":{},"status":404},"timestamp":"2025-10-23T16:19:03.044Z"}
{"level":"info","message":{"duration":"2ms","method":"GET","path":"/health/detailed","query":{},"status":404},"timestamp":"2025-10-23T16:19:03.962Z"}
{"level":"info","message":{"duration":"67ms","method":"GET","params":{},"path":"/health","query":{},"status":200},"timestamp":"2025-10-23T16:21:18.129Z"}
{"level":"info","message":{"duration":"5ms","method":"GET","path":"/favicon.ico","query":{},"status":404},"timestamp":"2025-10-23T16:21:18.295Z"}
{"level":"info","message":{"duration":"8ms","method":"GET","path":"/health/detailed","query":{},"status":404},"timestamp":"2025-10-23T16:23:42.438Z"}
{"level":"info","message":{"duration":"29ms","method":"GET","params":{},"path":"/health","query":{},"status":200},"timestamp":"2025-10-23T16:29:02.842Z"}
{"level":"info","message":{"duration":"6ms","method":"GET","params":{},"path":"/health/detailed","query":{},"status":200},"timestamp":"2025-10-23T16:29:15.166Z"}
{"level":"info","message":{"duration":"69ms","method":"GET","params":{},"path":"/api/cars","query":{},"status":200},"timestamp":"2025-10-23T18:10:41.401Z"}
{"level":"info","message":{"body":{"brand":"Maruti Suzuki","model":"Swift Dzire","pricePerDay":"1200","registrationNo":"MH12AB1234","status":"available"},"duration":"127ms","method":"POST","params":{},"path":"/api/cars","query":{},"status":201},"timestamp":"2025-10-24T15:19:49.826Z"}
{"level":"info","message":{"duration":"108ms","method":"GET","params":{},"path":"/api/cars","query":{},"status":200},"timestamp":"2025-10-24T15:19:49.960Z"}
{"level":"info","message":{"duration":"174ms","method":"GET","params":{},"path":"/api/dashboard/stats","query":{},"status":200},"timestamp":"2025-10-24T15:19:50.046Z"}
{"level":"info","message":{"duration":"303ms","method":"GET","params":{},"path":"/api/cars","query":{},"status":200},"timestamp":"2025-10-24T16:20:20.676Z"}
{"level":"info","message":{"duration":"267ms","method":"GET","params":{},"path":"/api/bookings","query":{},"status":200},"timestamp":"2025-10-25T03:51:19.624Z"}
{"level":"info","message":{"duration":"388ms","method":"GET","params":{},"path":"/api/cars","query":{},"status":304},"timestamp":"2025-10-30T07:20:19.385Z"}
{"level":"info","message":{"duration":"848ms","method":"GET","params":{},"path":"/api/dashboard/stats","query":{},"status":304},"timestamp":"2025-10-30T07:20:19.640Z"}
{"level":"info","message":{"duration":"575ms","method":"GET","params":{},"path":"/api/bookings","query":{},"status":304},"timestamp":"2025-10-30T07:20:19.643Z"}
{"level":"info","message":{"body":{"car":"68fb99152c312c123ef0b24f","customerName":"Jovanna","rentFrom":"2025-10-30","rentTo":"2025-10-31","status":"active"},"duration":"120ms","method":"POST","params":{},"path":"/api/bookings","query":{},"status":201},"timestamp":"2025-10-30T07:20:34.432Z"}
{"level":"info","message":{"duration":"170ms","method":"GET","params":{},"path":"/api/bookings","query":{},"status":200},"timestamp":"2025-10-30T07:20:34.654Z"}
{"level":"info","message":{"duration":"50ms","method":"GET","params":{},"path":"/api/dashboard/stats","query":{},"status":200},"timestamp":"2025-10-30T07:20:34.676Z"}
{"level":"info","message":{"duration":"156ms","method":"GET","params":{},"path":"/api/cars","query":{},"status":200},"timestamp":"2025-10-30T08:42:19.856Z"}
{"level":"info","message":{"duration":"197ms","method":"GET","params":{},"path":"/api/bookings","query":{},"status":304},"timestamp":"2025-10-30T08:42:19.903Z"}
{"level":"info","message":{"duration":"329ms","method":"GET","params":{},"path":"/api/dashboard/stats","query":{},"status":304},"timestamp":"2025-10-30T08:42:19.927Z"}
{"level":"info","message":{"duration":"75ms","method":"GET","params":{},"path":"/api/cars","query":{},"status":200},"timestamp":"2025-10-30T13:15:00.262Z"}
{"level":"info","message":{"duration":"129ms","method":"GET","params":{},"path":"/api/dashboard/stats","query":{},"status":200},"timestamp":"2025-10-30T13:15:00.297Z"}
{"level":"info","message":{"duration":"149ms","method":"GET","params":{},"path":"/api/bookings","query":{},"status":200},"timestamp":"2025-10-30T13:15:00.345Z"}
{"level":"info","message":{"duration":"12ms","method":"GET","params":{},"path":"/api/cars","query":{},"status":304},"timestamp":"2025-10-30T13:23:50.104Z"}
{"level":"info","message":{"duration":"24ms","method":"GET","params":{},"path":"/api/bookings","query":{},"status":304},"timestamp":"2025-10-30T13:23:50.111Z"}
{"level":"info","message":{"duration":"40ms","method":"GET","params":{},"path":"/api/dashboard/stats","query":{},"status":304},"timestamp":"2025-10-30T13:23:50.120Z"}
{"level":"info","message":{"duration":"17ms","method":"GET","params":{},"path":"/api/cars","query":{},"status":304},"timestamp":"2025-10-30T13:33:50.382Z"}
{"level":"info","message":{"duration":"32ms","method":"GET","params":{},"path":"/api/bookings","query":{},"status":304},"timestamp":"2025-10-30T13:33:50.393Z"}
{"level":"info","message":{"duration":"52ms","method":"GET","params":{},"path":"/api/dashboard/stats","query":{},"status":304},"timestamp":"2025-10-30T13:33:50.404Z"}
{"level":"info","message":{"body":{"password":"blessy","username":"jovanna"},"duration":"7ms","method":"POST","path":"/api/auth/login","query":{},"status":404},"timestamp":"2025-10-30T13:53:39.475Z"}
{"level":"info","message":{"body":{"password":"blessy","username":"jovanna"},"duration":"3ms","method":"POST","path":"/api/auth/login","query":{},"status":404},"timestamp":"2025-10-30T13:53:41.230Z"}
{"level":"info","message":{"body":{"password":"blesslyn","username":"jovanna"},"duration":"32ms","method":"POST","params":{},"path":"/api/auth/login","query":{},"status":401},"timestamp":"2025-10-30T14:04:05.946Z"}
{"level":"info","message":{"body":{"password":"blessy"},"duration":"4ms","method":"PUT","params":{},"path":"/api/auth/settings","query":{},"status":401},"timestamp":"2025-10-30T14:04:44.326Z"}
{"level":"info","message":{"body":{"brand":"Maruti Suzuki","model":"Swift Dzire","pricePerDay":"1200","registrationNo":"MH12AB1234","status":"available"},"duration":"3ms","method":"POST","params":{},"path":"/api/cars","query":{},"status":401},"timestamp":"2025-10-30T14:06:47.443Z"}
{"level":"info","message":{"duration":"5ms","method":"GET","params":{},"path":"/api/cars","query":{},"status":401},"timestamp":"2025-10-30T14:06:47.456Z"}
{"level":"info","message":{"duration":"4ms","method":"GET","params":{},"path":"/api/dashboard/stats","query":{},"status":401},"timestamp":"2025-10-30T14:06:47.469Z"}
{"level":"info","message":{"body":{"brand":"Maruti Suzuki","model":"Swift Dzire","pricePerDay":"1200","registrationNo":"MH12AB1234","status":"available"},"duration":"4ms","method":"POST","params":{},"path":"/api/cars","query":{},"status":401},"timestamp":"2025-10-30T14:06:54.826Z"}
{"level":"info","message":{"duration":"3ms","method":"GET","params":{},"path":"/api/cars","query":{},"status":401},"timestamp":"2025-10-30T14:06:54.833Z"}
{"level":"info","message":{"duration":"4ms","method":"GET","params":{},"path":"/api/dashboard/stats","query":{},"status":401},"timestamp":"2025-10-30T14:06:54.846Z"}
{"level":"info","message":{"body":{"password":"blessy","username":"jovanna"},"duration":"7ms","method":"POST","params":{},"path":"/api/auth/login","query":{},"status":401},"timestamp":"2025-10-30T14:07:14.008Z"}
{"level":"info","message":{"body":{"password":"blessy","username":"jovanna"},"duration":"7ms","method":"POST","params":{},"path":"/api/auth/login","query":{},"status":401},"timestamp":"2025-10-30T14:08:00.182Z"}
{"level":"info","message":{"body":{"password":"admin123","role":"admin","username":"admin"},"duration":"416ms","method":"POST","params":{},"path":"/api/auth/signup","query":{},"status":201},"timestamp":"2025-10-30T15:09:41.010Z"}
{"level":"info","message":{"body":{"password":"admin123","username":"admin"},"duration":"271ms","method":"POST","params":{},"path":"/api/auth/login","query":{},"status":200},"timestamp":"2025-10-30T15:13:01.011Z"}
{"level":"info","message":{"duration":"59ms","method":"GET","params":{},"path":"/api/cars","query":{},"status":304},"timestamp":"2025-10-30T15:13:01.445Z"}
{"level":"info","message":{"duration":"139ms","method":"GET","params":{},"path":"/api/bookings","query":{},"status":304},"timestamp":"2025-10-30T15:13:01.536Z"}
{"level":"info","message":{"duration":"196ms","method":"GET","params":{},"path":"/api/dashboard/stats","query":{},"status":304},"timestamp":"2025-10-30T15:13:01.561Z"}
{"level":"info","message":{"body":{"brand":"Honda","model":"Amaze","pricePerDay":"950","registrationNo":"TN01M5632","status":"available"},"duration":"66ms","method":"POST","params":{},"path":"/api/cars","query":{},"status":201},"timestamp":"2025-10-30T15:17:30.238Z"}
{"level":"info","message":{"duration":"40ms","method":"GET","params":{},"path":"/api/cars","query":{},"status":200},"timestamp":"2025-10-30T15:17:30.302Z"}
{"level":"info","message":{"duration":"75ms","method":"GET","params":{},"path":"/api/dashboard/stats","query":{},"status":200},"timestamp":"2025-10-30T15:17:30.329Z"}
{"level":"info","message":{"body":{"brand":"Maruti Suzuki","model":"Baleno","pricePerDay":"880","registrationNo":"TN22A2345","status":"available"},"duration":"16ms","method":"POST","params":{},"path":"/api/cars","query":{},"status":201},"timestamp":"2025-10-30T15:18:40.263Z"}
{"level":"info","message":{"duration":"30ms","method":"GET","params":{},"path":"/api/cars","query":{},"status":200},"timestamp":"2025-10-30T15:18:40.315Z"}
{"level":"info","message":{"duration":"53ms","method":"GET","params":{},"path":"/api/dashboard/stats","query":{},"status":200},"timestamp":"2025-10-30T15:18:40.348Z"}
{"level":"info","message":{"body":{"brand":"Mahindra","model":"XUV300","pricePerDay":"1400","registrationNo":"TN04V9807","status":"available"},"duration":"17ms","method":"POST","params":{},"path":"/api/cars","query":{},"status":201},"timestamp":"2025-10-30T15:19:33.554Z"}
{"level":"info","message":{"duration":"18ms","method":"GET","params":{},"path":"/api/cars","query":{},"status":200},"timestamp":"2025-10-30T15:19:33.584Z"}
{"level":"info","message":{"duration":"55ms","method":"GET","params":{},"path":"/api/dashboard/stats","query":{},"status":200},"timestamp":"2025-10-30T15:19:33.626Z"}
{"level":"info","message":{"body":{"brand":"Mahindra","model":"Thar","pricePerDay":"2100","registrationNo":"TN07Z1246","status":"available"},"duration":"25ms","method":"POST","params":{},"path":"/api/cars","query":{},"status":201},"timestamp":"2025-10-30T15:20:42.541Z"}
{"level":"info","message":{"duration":"15ms","method":"GET","params":{},"path":"/api/cars","query":{},"status":200},"timestamp":"2025-10-30T15:20:42.563Z"}
{"level":"info","message":{"duration":"124ms","method":"GET","params":{},"path":"/api/dashboard/stats","query":{},"status":200},"timestamp":"2025-10-30T15:20:42.676Z"}
{"level":"info","message":{"body":{"car":"6903824aa33c71ce2c69864a","customerName":"Blesson","rentFrom":"2025-10-30","rentTo":"2025-10-31","status":"active"},"duration":"61ms","method":"POST","params":{},"path":"/api/bookings","query":{},"status":201},"timestamp":"2025-10-30T15:25:20.861Z"}
{"level":"info","message":{"duration":"31ms","method":"GET","params":{},"path":"/api/dashboard/stats","query":{},"status":200},"timestamp":"2025-10-30T15:25:20.930Z"}
{"level":"info","message":{"duration":"29ms","method":"GET","params":{},"path":"/api/bookings","query":{},"status":200},"timestamp":"2025-10-30T15:25:20.936Z"}
{"level":"info","message":{"duration":"11ms","method":"GET","params":{},"path":"/api/cars","query":{},"status":200},"timestamp":"2025-10-30T15:25:37.762Z"}
{"level":"info","message":{"duration":"53ms","method":"GET","params":{},"path":"/api/bookings","query":{},"status":304},"timestamp":"2025-10-30T15:25:37.770Z"}
{"level":"info","message":{"duration":"73ms","method":"GET","params":{},"path":"/api/dashboard/stats","query":{},"status":304},"timestamp":"2025-10-30T15:25:37.782Z"}
{"level":"info","message":{"duration":"124ms","method":"GET","params":{},"path":"/api/cars","query":{},"status":304},"timestamp":"2025-10-30T15:29:12.480Z"}
{"level":"info","message":{"duration":"318ms","method":"GET","params":{},"path":"/api/dashboard/stats","query":{},"status":304},"timestamp":"2025-10-30T15:29:12.660Z"}
{"level":"info","message":{"duration":"269ms","method":"GET","params":{},"path":"/api/bookings","query":{},"status":304},"timestamp":"2025-10-30T15:29:12.688Z"}
{"level":"info","message":{"body":{"password":"jovanna"},"duration":"187ms","method":"PUT","params":{},"path":"/api/auth/settings","query":{},"status":200},"timestamp":"2025-10-30T15:30:01.379Z"}
{"level":"info","message":{"duration":"40ms","method":"GET","params":{},"path":"/api/bookings","query":{},"status":304},"timestamp":"2025-10-30T15:30:26.799Z"}
{"level":"info","message":{"duration":"33ms","method":"GET","params":{},"path":"/api/cars","query":{},"status":304},"timestamp":"2025-10-30T15:30:26.813Z"}
{"level":"info","message":{"duration":"75ms","method":"GET","params":{},"path":"/api/dashboard/stats","query":{},"status":304},"timestamp":"2025-10-30T15:30:26.827Z"}
{"level":"info","message":{"duration":"33ms","method":"GET","params":{},"path":"/api/cars","query":{},"status":304},"timestamp":"2025-10-30T15:39:31.295Z"}
{"level":"info","message":{"duration":"54ms","method":"GET","params":{},"path":"/api/bookings","query":{},"status":304},"timestamp":"2025-10-30T15:39:31.309Z"}
{"level":"info","message":{"duration":"73ms","method":"GET","params":{},"path":"/api/dashboard/stats","query":{},"status":304},"timestamp":"2025-10-30T15:39:31.320Z"}
{"level":"info","message":{"duration":"43ms","method":"DELETE","params":{"id":"6903818aa33c71ce2c698635"},"path":"/api/cars/6903818aa33c71ce2c698635","query":{},"status":200},"timestamp":"2025-10-30T15:39:55.861Z"}
{"level":"info","message":{"duration":"16ms","method":"GET","params":{},"path":"/api/cars","query":{},"status":200},"timestamp":"2025-10-30T15:39:56.013Z"}
{"level":"info","message":{"duration":"136ms","method":"GET","params":{},"path":"/api/dashboard/stats","query":{},"status":200},"timestamp":"2025-10-30T15:39:56.138Z"}
{"level":"info","message":{"duration":"13ms","method":"GET","params":{"id":"6903824aa33c71ce2c69864a"},"path":"/api/cars/6903824aa33c71ce2c69864a","query":{},"status":200},"timestamp":"2025-10-30T15:39:59.965Z"}
{"level":"info","message":{"body":{"brand":"Mahindra","model":"great thar","pricePerDay":"2100","registrationNo":"TN07Z1246","status":"rented"},"duration":"24ms","method":"PUT","params":{"id":"6903824aa33c71ce2c69864a"},"path":"/api/cars/6903824aa33c71ce2c69864a","query":{},"status":200},"timestamp":"2025-10-30T15:40:15.717Z"}
{"level":"info","message":{"duration":"31ms","method":"GET","params":{},"path":"/api/cars","query":{},"status":200},"timestamp":"2025-10-30T15:40:15.898Z"}
{"level":"info","message":{"duration":"32ms","method":"GET","params":{},"path":"/api/dashboard/stats","query":{},"status":304},"timestamp":"2025-10-30T15:40:15.935Z"}
{"level":"info","message":{"duration":"27ms","method":"GET","params":{},"path":"/api/cars","query":{},"status":304},"timestamp":"2025-10-30T15:52:57.722Z"}
{"level":"info","message":{"duration":"48ms","method":"GET","params":{},"path":"/api/bookings","query":{},"status":200},"timestamp":"2025-10-30T15:52:57.747Z"}
{"level":"info","message":{"duration":"91ms","method":"GET","params":{},"path":"/api/dashboard/stats","query":{},"status":304},"timestamp":"2025-10-30T15:52:57.754Z"}
{"level":"info","message":{"body":{"password":"admin123","username":"admin"},"duration":"183ms","method":"POST","params":{},"path":"/api/auth/login","query":{},"status":401},"timestamp":"2025-10-30T15:53:19.489Z"}
{"level":"info","message":{"body":{"password":"jovanna","username":"admin"},"duration":"256ms","method":"POST","params":{},"path":"/api/auth/login","query":{},"status":200},"timestamp":"2025-10-30T15:53:33.462Z"}
{"level":"info","message":{"duration":"14ms","method":"GET","params":{},"path":"/api/cars","query":{},"status":304},"timestamp":"2025-10-30T15:53:33.724Z"}
{"level":"info","message":{"duration":"33ms","method":"GET","params":{},"path":"/api/bookings","query":{},"status":304},"timestamp":"2025-10-30T15:53:33.734Z"}
{"level":"info","message":{"duration":"112ms","method":"GET","params":{},"path":"/api/dashboard/stats","query":{},"status":304},"timestamp":"2025-10-30T15:53:33.748Z"}
{"level":"info","message":{"body":{"password":"jovanna","username":"admin"},"duration":"236ms","method":"POST","params":{},"path":"/api/auth/login","query":{},"status":200},"timestamp":"2025-10-30T15:54:02.898Z"}
{"level":"info","message":{"duration":"75ms","method":"GET","params":{},"path":"/api/cars","query":{},"status":304},"timestamp":"2025-10-30T15:54:03.291Z"}
{"level":"info","message":{"duration":"128ms","method":"GET","params":{},"path":"/api/bookings","query":{},"status":304},"timestamp":"2025-10-30T15:54:03.347Z"}
{"level":"info","message":{"duration":"145ms","method":"GET","params":{},"path":"/api/dashboard/stats","query":{},"status":304},"timestamp":"2025-10-30T15:54:03.382Z"}
{"level":"info","message":{"duration":"35ms","method":"DELETE","params":{"id":"690311c2e4c4dcff509b1a7e"},"path":"/api/bookings/690311c2e4c4dcff509b1a7e","query":{},"status":200},"timestamp":"2025-10-30T15:57:27.550Z"}
{"level":"info","message":{"duration":"38ms","method":"GET","params":{},"path":"/api/bookings","query":{},"status":200},"timestamp":"2025-10-30T15:57:27.609Z"}
{"level":"info","message":{"duration":"113ms","method":"GET","params":{},"path":"/api/dashboard/stats","query":{},"status":200},"timestamp":"2025-10-30T15:57:27.704Z"}
{"level":"info","message":{"duration":"11ms","method":"GET","params":{},"path":"/api/cars","query":{},"status":200},"timestamp":"2025-10-30T15:57:37.837Z"}
{"level":"info","message":{"duration":"17ms","method":"GET","params":{},"path":"/api/bookings","query":{},"status":304},"timestamp":"2025-10-30T15:57:37.845Z"}
{"level":"info","message":{"duration":"61ms","method":"GET","params":{},"path":"/api/dashboard/stats","query":{},"status":304},"timestamp":"2025-10-30T15:57:37.880Z"}
{"level":"info","message":{"duration":"22ms","method":"GET","params":{},"path":"/api/bookings","query":{},"status":304},"timestamp":"2025-10-30T15:58:21.026Z"}
{"level":"info","message":{"duration":"14ms","method":"GET","params":{},"path":"/api/cars","query":{},"status":304},"timestamp":"2025-10-30T15:58:21.031Z"}
{"level":"info","message":{"duration":"45ms","method":"GET","params":{},"path":"/api/dashboard/stats","query":{},"status":304},"timestamp":"2025-10-30T15:58:21.046Z"}
{"level":"info","message":{"duration":"15ms","method":"GET","params":{},"path":"/api/cars","query":{},"status":304},"timestamp":"2025-10-30T15:59:12.859Z"}
{"level":"info","message":{"duration":"14ms","method":"GET","params":{},"path":"/api/bookings","query":{},"status":304},"timestamp":"2025-10-30T15:59:12.877Z"}
{"level":"info","message":{"duration":"55ms","method":"GET","params":{},"path":"/api/dashboard/stats","query":{},"status":304},"timestamp":"2025-10-30T15:59:12.896Z"}
{"level":"info","message":{"duration":"11ms","method":"GET","params":{},"path":"/api/cars","query":{},"status":304},"timestamp":"2025-10-30T15:59:18.835Z"}
{"level":"info","message":{"duration":"26ms","method":"GET","params":{},"path":"/api/bookings","query":{},"status":304},"timestamp":"2025-10-30T15:59:18.846Z"}
{"level":"info","message":{"duration":"34ms","method":"GET","params":{},"path":"/api/dashboard/stats","query":{},"status":304},"timestamp":"2025-10-30T15:59:18.852Z"}
{"level":"info","message":{"body":{"password":"jovanna","username":"admin"},"duration":"207ms","method":"POST","params":{},"path":"/api/auth/login","query":{},"status":200},"timestamp":"2025-10-30T15:59:38.626Z"}
{"level":"info","message":{"duration":"19ms","method":"GET","params":{},"path":"/api/cars","query":{},"status":304},"timestamp":"2025-10-30T15:59:38.698Z"}
{"level":"info","message":{"duration":"45ms","method":"GET","params":{},"path":"/api/bookings","query":{},"status":304},"timestamp":"2025-10-30T15:59:38.708Z"}
{"level":"info","message":{"duration":"45ms","method":"GET","params":{},"path":"/api/dashboard/stats","query":{},"status":304},"timestamp":"2025-10-30T15:59:38.719Z"}
{"level":"info","message":{"duration":"34ms","method":"GET","params":{},"path":"/api/cars","query":{},"status":304},"timestamp":"2025-10-30T16:08:26.794Z"}
{"level":"info","message":{"duration":"7ms","method":"GET","params":{},"path":"/api/cars","query":{},"status":304},"timestamp":"2025-10-30T16:08:26.816Z"}
{"level":"info","message":{"duration":"123ms","method":"GET","params":{},"path":"/api/dashboard/stats","query":{},"status":304},"timestamp":"2025-10-30T16:08:26.834Z"}
{"level":"info","message":{"duration":"16ms","method":"GET","params":{},"path":"/api/cars","query":{},"status":304},"timestamp":"2025-10-30T16:08:26.846Z"}
{"level":"info","message":{"duration":"39ms","method":"GET","params":{},"path":"/api/cars","query":{},"status":304},"timestamp":"2025-10-30T16:08:26.936Z"}
{"level":"info","message":{"duration":"101ms","method":"GET","params":{},"path":"/api/bookings","query":{},"status":304},"timestamp":"2025-10-30T16:08:26.950Z"}
{"level":"info","message":{"duration":"103ms","method":"GET","params":{},"path":"/api/dashboard/stats","query":{},"status":304},"timestamp":"2025-10-30T16:08:26.996Z"}
{"level":"info","message":{"duration":"48ms","method":"GET","params":{},"path":"/api/bookings","query":{},"status":304},"timestamp":"2025-10-30T16:08:27.017Z"}
{"level":"info","message":{"body":{"password":"jovanna","username":"admin"},"duration":"223ms","method":"POST","params":{},"path":"/api/auth/login","query":{},"status":200},"timestamp":"2025-10-30T16:09:00.514Z"}
{"level":"info","message":{"duration":"15ms","method":"GET","params":{},"path":"/api/cars","query":{},"status":304},"timestamp":"2025-10-30T16:09:00.578Z"}
{"level":"info","message":{"duration":"25ms","method":"GET","params":{},"path":"/api/cars","query":{},"status":304},"timestamp":"2025-10-30T16:09:00.732Z"}
{"level":"info","message":{"duration":"193ms","method":"GET","params":{},"path":"/api/dashboard/stats","query":{},"status":304},"timestamp":"2025-10-30T16:09:00.759Z"}
{"level":"info","message":{"duration":"97ms","method":"GET","params":{},"path":"/api/bookings","query":{},"status":304},"timestamp":"2025-10-30T16:09:00.859Z"}
{"level":"info","message":{"duration":"14ms","method":"GET","params":{},"path":"/api/cars","query":{},"status":304},"timestamp":"2025-10-30T16:09:13.564Z"}
{"level":"info","message":{"duration":"7ms","method":"GET","params":{},"path":"/api/cars","query":{},"status":304},"timestamp":"2025-10-30T16:09:33.100Z"}
{"level":"info","message":{"duration":"11ms","method":"GET","params":{},"path":"/api/cars","query":{},"status":304},"timestamp":"2025-10-30T16:09:57.392Z"}
{"level":"info","message":{"duration":"28ms","method":"GET","params":{},"path":"/api/cars","query":{},"status":304},"timestamp":"2025-10-30T16:10:36.920Z"}
{"level":"info","message":{"body":{"car":"69038205a33c71ce2c698643","customerName":"Jason","rentFrom":"2025-10-30","rentTo":"2025-10-30","status":"active"},"duration":"64ms","method":"POST","params":{},"path":"/api/bookings","query":{},"status":201},"timestamp":"2025-10-30T16:11:01.143Z"}
{"level":"info","message":{"duration":"15ms","method":"GET","params":{},"path":"/api/cars","query":{},"status":200},"timestamp":"2025-10-30T16:11:01.199Z"}
{"level":"info","message":{"duration":"132ms","method":"GET","params":{},"path":"/api/dashboard/stats","query":{},"status":200},"timestamp":"2025-10-30T16:11:01.318Z"}
{"level":"info","message":{"duration":"34ms","method":"GET","params":{},"path":"/api/bookings","query":{},"status":200},"timestamp":"2025-10-30T16:11:01.348Z"}
{"level":"info","message":{"duration":"6ms","method":"GET","params":{},"path":"/api/cars","query":{},"status":304},"timestamp":"2025-10-30T16:11:10.865Z"}
{"level":"info","message":{"duration":"10ms","method":"GET","params":{},"path":"/api/cars","query":{},"status":304},"timestamp":"2025-10-30T16:17:43.848Z"}
{"level":"info","message":{"duration":"45ms","method":"GET","params":{},"path":"/api/dashboard/stats","query":{},"status":304},"timestamp":"2025-10-30T16:17:43.877Z"}
{"level":"info","message":{"duration":"135ms","method":"GET","params":{},"path":"/api/cars","query":{},"status":304},"timestamp":"2025-10-30T16:17:44.043Z"}
{"level":"info","message":{"duration":"37ms","method":"GET","params":{},"path":"/api/bookings","query":{},"status":304},"timestamp":"2025-10-30T16:17:44.069Z"}
{"level":"info","message":{"duration":"84ms","method":"GET","params":{},"path":"/api/cars","query":{},"status":304},"timestamp":"2025-10-30T16:17:44.494Z"}
{"level":"info","message":{"duration":"64ms","method":"GET","params":{},"path":"/api/cars","query":{},"status":304},"timestamp":"2025-10-30T16:17:44.643Z"}
{"level":"info","message":{"duration":"381ms","method":"GET","params":{},"path":"/api/dashboard/stats","query":{},"status":304},"timestamp":"2025-10-30T16:17:44.750Z"}
{"level":"info","message":{"duration":"242ms","method":"GET","params":{},"path":"/api/bookings","query":{},"status":304},"timestamp":"2025-10-30T16:17:44.829Z"}
{"level":"info","message":{"body":{"password":"jovanna","username":"admin"},"duration":"230ms","method":"POST","params":{},"path":"/api/auth/login","query":{},"status":200},"timestamp":"2025-10-30T16:18:07.566Z"}
{"level":"info","message":{"duration":"21ms","method":"GET","params":{},"path":"/api/cars","query":{},"status":304},"timestamp":"2025-10-30T16:18:07.603Z"}
{"level":"info","message":{"duration":"29ms","method":"GET","params":{},"path":"/api/cars","query":{},"status":304},"timestamp":"2025-10-30T16:18:07.726Z"}
{"level":"info","message":{"duration":"158ms","method":"GET","params":{},"path":"/api/dashboard/stats","query":{},"status":304},"timestamp":"2025-10-30T16:18:07.735Z"}
{"level":"info","message":{"duration":"12ms","method":"GET","params":{},"path":"/api/bookings","query":{},"status":304},"timestamp":"2025-10-30T16:18:07.768Z"}
{"level":"info","message":{"body":{"password":"jovanna","username":"admin"},"duration":"177ms","method":"POST","params":{},"path":"/api/auth/login","query":{},"status":200},"timestamp":"2025-10-30T16:18:15.663Z"}
{"level":"info","message":{"duration":"13ms","method":"GET","params":{},"path":"/api/cars","query":{},"status":304},"timestamp":"2025-10-30T16:18:15.725Z"}
{"level":"info","message":{"duration":"18ms","method":"GET","params":{},"path":"/api/cars","query":{},"status":304},"timestamp":"2025-10-30T16:18:15.754Z"}
{"level":"info","message":{"duration":"164ms","method":"GET","params":{},"path":"/api/dashboard/stats","query":{},"status":304},"timestamp":"2025-10-30T16:18:15.868Z"}
{"level":"info","message":{"duration":"153ms","method":"GET","params":{},"path":"/api/bookings","query":{},"status":304},"timestamp":"2025-10-30T16:18:15.916Z"}
{"level":"info","message":{"body":{"password":"jovanna","username":"admin"},"duration":"193ms","method":"POST","params":{},"path":"/api/auth/login","query":{},"status":200},"timestamp":"2025-10-30T16:18:37.002Z"}
{"level":"info","message":{"duration":"18ms","method":"GET","params":{},"path":"/api/cars","query":{},"status":304},"timestamp":"2025-10-30T16:18:37.063Z"}
{"level":"info","message":{"duration":"83ms","method":"GET","params":{},"path":"/api/cars","query":{},"status":304},"timestamp":"2025-10-30T16:18:37.153Z"}
{"level":"info","message":{"duration":"145ms","method":"GET","params":{},"path":"/api/dashboard/stats","query":{},"status":304},"timestamp":"2025-10-30T16:18:37.186Z"}
{"level":"info","message":{"duration":"17ms","method":"GET","params":{},"path":"/api/bookings","query":{},"status":304},"timestamp":"2025-10-30T16:18:37.212Z"}
{"level":"info","message":{"duration":"11ms","method":"GET","params":{},"path":"/api/cars","query":{},"status":304},"timestamp":"2025-10-30T16:18:42.779Z"}
{"level":"info","message":{"body":{"password":"blessy","role":"admin","username":"Jovanna"},"duration":"231ms","method":"POST","params":{},"path":"/api/auth/signup","query":{},"status":201},"timestamp":"2025-10-30T16:19:32.455Z"}
{"level":"info","message":{"body":{"password":"blessy","username":"jovanna"},"duration":"12ms","method":"POST","params":{},"path":"/api/auth/login","query":{},"status":401},"timestamp":"2025-10-30T16:19:54.430Z"}
{"level":"info","message":{"body":{"password":"blessy","username":"jovanna"},"duration":"24ms","method":"POST","params":{},"path":"/api/auth/login","query":{},"status":401},"timestamp":"2025-10-30T16:19:55.699Z"}
{"level":"info","message":{"body":{"password":"jovanna","username":"admin"},"duration":"187ms","method":"POST","params":{},"path":"/api/auth/login","query":{},"status":200},"timestamp":"2025-10-30T16:20:17.474Z"}
{"level":"info","message":{"duration":"37ms","method":"GET","params":{},"path":"/api/cars","query":{},"status":304},"timestamp":"2025-10-30T16:20:17.570Z"}
{"level":"info","message":{"duration":"36ms","method":"GET","params":{},"path":"/api/cars","query":{},"status":304},"timestamp":"2025-10-30T16:20:17.676Z"}
{"level":"info","message":{"duration":"146ms","method":"GET","params":{},"path":"/api/dashboard/stats","query":{},"status":304},"timestamp":"2025-10-30T16:20:17.682Z"}
{"level":"info","message":{"duration":"16ms","method":"GET","params":{},"path":"/api/bookings","query":{},"status":304},"timestamp":"2025-10-30T16:20:17.718Z"}
{"level":"info","message":{"body":{"password":"blessy","role":"admin","username":"Jovanna"},"duration":"271ms","method":"POST","params":{},"path":"/api/auth/signup","query":{},"status":400},"timestamp":"2025-10-30T16:22:27.412Z"}
{"level":"info","message":{"body":{"password":"blessy","role":"admin","username":"AJovanna"},"duration":"280ms","method":"POST","params":{},"path":"/api/auth/signup","query":{},"status":201},"timestamp":"2025-10-30T16:22:51.692Z"}
{"level":"info","message":{"duration":"8ms","method":"GET","params":{},"path":"/api/cars","query":{},"status":304},"timestamp":"2025-10-30T16:23:11.464Z"}
{"level":"info","message":{"duration":"4ms","method":"GET","params":{},"path":"/api/cars","query":{},"status":304},"timestamp":"2025-10-30T16:23:11.471Z"}
{"level":"info","message":{"duration":"23ms","method":"GET","params":{},"path":"/api/dashboard/stats","query":{},"status":304},"timestamp":"2025-10-30T16:23:11.478Z"}
{"level":"info","message":{"duration":"49ms","method":"GET","params":{},"path":"/api/bookings","query":{},"status":304},"timestamp":"2025-10-30T16:23:11.536Z"}
{"level":"info","message":{"body":{"password":"blessy","username":"AJovanna"},"duration":"204ms","method":"POST","params":{},"path":"/api/auth/login","query":{},"status":200},"timestamp":"2025-10-30T16:23:40.929Z"}
{"level":"info","message":{"duration":"28ms","method":"GET","params":{},"path":"/api/cars","query":{},"status":304},"timestamp":"2025-10-30T16:23:41.324Z"}
{"level":"info","message":{"duration":"24ms","method":"GET","params":{},"path":"/api/cars","query":{},"status":304},"timestamp":"2025-10-30T16:23:41.430Z"}
{"level":"info","message":{"duration":"299ms","method":"GET","params":{},"path":"/api/dashboard/stats","query":{},"status":304},"timestamp":"2025-10-30T16:23:41.437Z"}
{"level":"info","message":{"duration":"22ms","method":"GET","params":{},"path":"/api/bookings","query":{},"status":304},"timestamp":"2025-10-30T16:23:41.454Z"}
{"level":"info","message":{"duration":"19ms","method":"GET","params":{},"path":"/api/cars","query":{},"status":304},"timestamp":"2025-10-30T16:31:13.797Z"}
{"level":"info","message":{"duration":"7ms","method":"GET","params":{},"path":"/api/cars","query":{},"status":304},"timestamp":"2025-10-30T16:31:13.814Z"}
{"level":"info","message":{"duration":"68ms","method":"GET","params":{},"path":"/api/dashboard/stats","query":{},"status":304},"timestamp":"2025-10-30T16:31:13.832Z"}
{"level":"info","message":{"duration":"42ms","method":"GET","params":{},"path":"/api/bookings","query":{},"status":304},"timestamp":"2025-10-30T16:31:13.879Z"}
{"level":"info","message":{"body":{"password":"juliet","username":"Joney"},"duration":"12ms","method":"POST","params":{},"path":"/api/auth/login","query":{},"status":401},"timestamp":"2025-10-30T16:31:31.234Z"}
{"level":"info","message":{"body":{"password":"juliet","username":"Joney"},"duration":"8ms","method":"POST","params":{},"path":"/api/auth/login","query":{},"status":401},"timestamp":"2025-10-30T16:31:38.961Z"}
{"level":"info","message":{"body":{"password":"blessy","username":"AJovanna"},"duration":"193ms","method":"POST","params":{},"path":"/api/auth/login","query":{},"status":200},"timestamp":"2025-10-30T16:31:56.081Z"}
{"level":"info","message":{"duration":"160ms","method":"GET","params":{},"path":"/api/cars","query":{},"status":304},"timestamp":"2025-10-30T16:31:56.297Z"}
{"level":"info","message":{"duration":"18ms","method":"GET","params":{},"path":"/api/cars","query":{},"status":304},"timestamp":"2025-10-30T16:31:56.334Z"}
{"level":"info","message":{"duration":"253ms","method":"GET","params":{},"path":"/api/dashboard/stats","query":{},"status":304},"timestamp":"2025-10-30T16:31:56.377Z"}
{"level":"info","message":{"duration":"146ms","method":"GET","params":{},"path":"/api/bookings","query":{},"status":304},"timestamp":"2025-10-30T16:31:56.499Z"}
{"level":"info","message":{"duration":"50ms","method":"GET","params":{},"path":"/api/cars","query":{},"status":304},"timestamp":"2025-10-30T16:33:50.736Z"}
{"level":"info","message":{"duration":"24ms","method":"GET","params":{},"path":"/api/cars","query":{},"status":304},"timestamp":"2025-10-30T16:33:50.787Z"}
{"level":"info","message":{"duration":"144ms","method":"GET","params":{},"path":"/api/dashboard/stats","query":{},"status":304},"timestamp":"2025-10-30T16:33:50.801Z"}
{"level":"info","message":{"duration":"35ms","method":"GET","params":{},"path":"/api/cars","query":{},"status":304},"timestamp":"2025-10-30T16:33:50.845Z"}
{"level":"info","message":{"duration":"29ms","method":"GET","params":{},"path":"/api/cars","query":{},"status":304},"timestamp":"2025-10-30T16:33:50.915Z"}
{"level":"info","message":{"duration":"53ms","method":"GET","params":{},"path":"/api/bookings","query":{},"status":304},"timestamp":"2025-10-30T16:33:50.930Z"}
{"level":"info","message":{"duration":"75ms","method":"GET","params":{},"path":"/api/dashboard/stats","query":{},"status":304},"timestamp":"2025-10-30T16:33:50.935Z"}
{"level":"info","message":{"duration":"22ms","method":"GET","params":{},"path":"/api/bookings","query":{},"status":304},"timestamp":"2025-10-30T16:33:50.968Z"}
{"level":"info","message":{"body":{"password":"juliet","role":"user","username":"Joney"},"duration":"266ms","method":"POST","params":{},"path":"/api/auth/signup","query":{},"status":201},"timestamp":"2025-10-30T16:37:45.734Z"}
{"level":"info","message":{"body":{"password":"juliet","username":"Joney"},"duration":"182ms","method":"POST","params":{},"path":"/api/auth/login","query":{},"status":200},"timestamp":"2025-10-30T16:38:17.997Z"}
{"level":"info","message":{"duration":"344ms","method":"GET","params":{},"path":"/api/cars","query":{},"status":304},"timestamp":"2025-10-30T16:38:18.427Z"}
{"level":"info","message":{"duration":"485ms","method":"GET","params":{},"path":"/api/dashboard/stats","query":{},"status":304},"timestamp":"2025-10-30T16:38:18.551Z"}
{"level":"info","message":{"duration":"23ms","method":"GET","params":{},"path":"/api/cars","query":{},"status":304},"timestamp":"2025-10-30T16:38:18.566Z"}
{"level":"info","message":{"duration":"18ms","method":"GET","params":{},"path":"/api/bookings","query":{},"status":304},"timestamp":"2025-10-30T16:38:18.602Z"}
{"level":"info","message":{"body":{"password":"blessy","username":"AJovanna"},"duration":"174ms","method":"POST","params":{},"path":"/api/auth/login","query":{},"status":200},"timestamp":"2025-10-30T16:38:52.455Z"}
{"level":"info","message":{"duration":"267ms","method":"GET","params":{},"path":"/api/cars","query":{},"status":304},"timestamp":"2025-10-30T16:38:52.794Z"}
{"level":"info","message":{"duration":"21ms","method":"GET","params":{},"path":"/api/cars","query":{},"status":304},"timestamp":"2025-10-30T16:38:52.870Z"}
{"level":"info","message":{"duration":"399ms","method":"GET","params":{},"path":"/api/dashboard/stats","query":{},"status":304},"timestamp":"2025-10-30T16:38:52.892Z"}
{"level":"info","message":{"duration":"29ms","method":"GET","params":{},"path":"/api/bookings","query":{},"status":304},"timestamp":"2025-10-30T16:38:52.910Z"}
{"level":"info","message":{"duration":"33ms","method":"GET","params":{},"path":"/api/cars","query":{},"status":304},"timestamp":"2025-10-30T16:39:03.875Z"}
{"level":"info","message":{"duration":"67ms","method":"GET","params":{},"path":"/api/cars","query":{},"status":304},"timestamp":"2025-10-30T17:03:51.306Z"}
{"level":"info","message":{"duration":"8ms","method":"GET","params":{},"path":"/api/cars","query":{},"status":304},"timestamp":"2025-10-30T17:03:51.319Z"}
{"level":"info","message":{"duration":"138ms","method":"GET","params":{},"path":"/api/dashboard/stats","query":{},"status":304},"timestamp":"2025-10-30T17:03:51.336Z"}
{"level":"info","message":{"duration":"31ms","method":"GET","params":{},"path":"/api/bookings","query":{},"status":304},"timestamp":"2025-10-30T17:03:51.380Z"}
{"level":"info","message":{"duration":"66ms","method":"GET","params":{},"path":"/api/cars","query":{},"status":304},"timestamp":"2025-10-30T17:07:56.413Z"}
{"level":"info","message":{"duration":"138ms","method":"GET","params":{},"path":"/api/cars","query":{},"status":304},"timestamp":"2025-10-30T17:07:56.559Z"}
{"level":"info","message":{"duration":"228ms","method":"GET","params":{},"path":"/api/dashboard/stats","query":{},"status":304},"timestamp":"2025-10-30T17:07:56.626Z"}
{"level":"info","message":{"duration":"13ms","method":"GET","params":{},"path":"/api/bookings","query":{},"status":304},"timestamp":"2025-10-30T17:07:56.687Z"}
{"level":"info","message":{"body":{"password":"blessy","username":"AJovanna"},"duration":"278ms","method":"POST","params":{},"path":"/api/auth/login","query":{},"status":200},"timestamp":"2025-10-30T17:37:24.656Z"}
{"level":"info","message":{"duration":"36ms","method":"GET","params":{},"path":"/api/cars","query":{},"status":200},"timestamp":"2025-10-30T17:37:24.736Z"}
{"level":"info","message":{"duration":"9ms","method":"GET","params":{},"path":"/api/cars","query":{},"status":304},"timestamp":"2025-10-30T17:37:24.750Z"}
{"level":"info","message":{"duration":"27ms","method":"GET","params":{},"path":"/api/bookings","query":{},"status":200},"timestamp":"2025-10-30T17:37:24.793Z"}
{"level":"info","message":{"duration":"110ms","method":"GET","params":{},"path":"/api/dashboard/stats","query":{},"status":200},"timestamp":"2025-10-30T17:37:24.799Z"}
{"level":"info","message":{"duration":"40ms","method":"GET","params":{"id":"69038360a33c71ce2c698651"},"path":"/api/bookings/69038360a33c71ce2c698651","query":{},"status":200},"timestamp":"2025-10-30T17:37:51.847Z"}
{"level":"info","message":{"duration":"23ms","method":"GET","params":{},"path":"/api/cars","query":{},"status":304},"timestamp":"2025-10-30T17:37:51.902Z"}
{"level":"info","message":{"duration":"18ms","method":"GET","params":{"id":"69038360a33c71ce2c698651"},"path":"/api/bookings/69038360a33c71ce2c698651","query":{},"status":304},"timestamp":"2025-10-30T17:37:58.384Z"}
{"level":"info","message":{"duration":"25ms","method":"GET","params":{},"path":"/api/cars","query":{},"status":304},"timestamp":"2025-10-30T17:37:58.424Z"}
{"level":"info","message":{"duration":"16ms","method":"GET","params":{"id":"69038360a33c71ce2c698651"},"path":"/api/bookings/69038360a33c71ce2c698651","query":{},"status":304},"timestamp":"2025-10-30T17:38:12.945Z"}
{"level":"info","message":{"duration":"26ms","method":"GET","params":{},"path":"/api/cars","query":{},"status":304},"timestamp":"2025-10-30T17:38:12.984Z"}
{"level":"info","message":{"duration":"22ms","method":"GET","params":{"id":"6903824aa33c71ce2c69864a"},"path":"/api/cars/6903824aa33c71ce2c69864a","query":{},"status":200},"timestamp":"2025-10-30T17:38:24.510Z"}
{"level":"info","message":{"body":{"brand":"Mahindra","model":"Thar","pricePerDay":"2100","registrationNo":"TN07Z1246","status":"rented"},"duration":"63ms","method":"PUT","params":{"id":"6903824aa33c71ce2c69864a"},"path":"/api/cars/6903824aa33c71ce2c69864a","query":{},"status":200},"timestamp":"2025-10-30T17:38:33.398Z"}
{"level":"info","message":{"duration":"17ms","method":"GET","params":{},"path":"/api/cars","query":{},"status":200},"timestamp":"2025-10-30T17:38:33.434Z"}
{"level":"info","message":{"duration":"37ms","method":"GET","params":{},"path":"/api/dashboard/stats","query":{},"status":304},"timestamp":"2025-10-30T17:38:33.459Z"}
{"level":"info","message":{"duration":"61ms","method":"GET","params":{},"path":"/api/cars","query":{},"status":304},"timestamp":"2025-10-30T17:38:47.448Z"}
{"level":"info","message":{"duration":"96ms","method":"GET","params":{},"path":"/api/dashboard/stats","query":{},"status":304},"timestamp":"2025-10-30T17:38:47.480Z"}
{"level":"info","message":{"duration":"58ms","method":"GET","params":{},"path":"/api/cars","query":{},"status":304},"timestamp":"2025-10-30T17:38:47.516Z"}
{"level":"info","message":{"duration":"16ms","method":"GET","params":{},"path":"/api/bookings","query":{},"status":200},"timestamp":"2025-10-30T17:38:47.553Z"}
{"level":"info","message":{"duration":"17ms","method":"GET","params":{"id":"6903824aa33c71ce2c69864a"},"path":"/api/cars/6903824aa33c71ce2c69864a","query":{},"status":200},"timestamp":"2025-10-30T17:39:30.033Z"}
{"level":"info","message":{"body":{"password":"blessy","username":"AJovanna"},"duration":"240ms","method":"POST","params":{},"path":"/api/auth/login","query":{},"status":200},"timestamp":"2025-10-30T17:40:05.185Z"}
{"level":"info","message":{"duration":"13ms","method":"GET","params":{},"path":"/api/cars","query":{},"status":304},"timestamp":"2025-10-30T17:40:05.226Z"}
{"level":"info","message":{"duration":"6ms","method":"GET","params":{},"path":"/api/cars","query":{},"status":304},"timestamp":"2025-10-30T17:40:05.243Z"}
{"level":"info","message":{"duration":"50ms","method":"GET","params":{},"path":"/api/dashboard/stats","query":{},"status":304},"timestamp":"2025-10-30T17:40:05.258Z"}
{"level":"info","message":{"duration":"13ms","method":"GET","params":{},"path":"/api/bookings","query":{},"status":304},"timestamp":"2025-10-30T17:40:05.287Z"}
{"level":"info","message":{"duration":"26ms","method":"GET","params":{"id":"6903824aa33c71ce2c69864a"},"path":"/api/cars/6903824aa33c71ce2c69864a","query":{},"status":304},"timestamp":"2025-10-30T17:40:57.837Z"}
{"level":"info","message":{"duration":"14ms","method":"GET","params":{},"path":"/api/cars","query":{},"status":304},"timestamp":"2025-10-30T17:41:03.997Z"}
{"level":"info","message":{"body":{"car":"68fb99152c312c123ef0b24f","customerName":"caro","rentFrom":"2025-10-31","rentTo":"2025-10-31","status":"active"},"duration":"64ms","method":"POST","params":{},"path":"/api/bookings","query":{},"status":201},"timestamp":"2025-10-30T17:41:26.447Z"}
{"level":"info","message":{"duration":"17ms","method":"GET","params":{},"path":"/api/cars","query":{},"status":200},"timestamp":"2025-10-30T17:41:26.483Z"}
{"level":"info","message":{"duration":"56ms","method":"GET","params":{},"path":"/api/dashboard/stats","query":{},"status":200},"timestamp":"2025-10-30T17:41:26.530Z"}
{"level":"info","message":{"duration":"37ms","method":"GET","params":{},"path":"/api/bookings","query":{},"status":200},"timestamp":"2025-10-30T17:41:26.559Z"}
{"level":"info","message":{"body":{"password":"bleesy","username":"AJovanna"},"duration":"173ms","method":"POST","params":{},"path":"/api/auth/login","query":{},"status":401},"timestamp":"2025-10-30T17:42:01.233Z"}
{"level":"info","message":{"body":{"password":"blessy","username":"AJovanna"},"duration":"204ms","method":"POST","params":{},"path":"/api/auth/login","query":{},"status":200},"timestamp":"2025-10-30T17:42:06.616Z"}
{"level":"info","message":{"duration":"16ms","method":"GET","params":{},"path":"/api/cars","query":{},"status":304},"timestamp":"2025-10-30T17:42:06.650Z"}
{"level":"info","message":{"duration":"197ms","method":"GET","params":{},"path":"/api/dashboard/stats","query":{},"status":304},"timestamp":"2025-10-30T17:42:06.826Z"}
{"level":"info","message":{"duration":"163ms","method":"GET","params":{},"path":"/api/cars","query":{},"status":304},"timestamp":"2025-10-30T17:42:06.975Z"}
{"level":"info","message":{"duration":"23ms","method":"GET","params":{},"path":"/api/bookings","query":{},"status":304},"timestamp":"2025-10-30T17:42:07.015Z"}
{"level":"info","message":{"body":{"password":"blessy","username":"AJovanna"},"duration":"328ms","method":"POST","params":{},"path":"/api/auth/login","query":{},"status":200},"timestamp":"2025-10-30T17:52:20.272Z"}
{"level":"info","message":{"duration":"29ms","method":"GET","params":{},"path":"/api/cars","query":{},"status":200},"timestamp":"2025-10-30T17:52:20.331Z"}
{"level":"info","message":{"duration":"6ms","method":"GET","params":{},"path":"/api/cars","query":{},"status":304},"timestamp":"2025-10-30T17:52:20.344Z"}
{"level":"info","message":{"duration":"22ms","method":"GET","params":{},"path":"/api/bookings","query":{},"status":200},"timestamp":"2025-10-30T17:52:20.375Z"}
{"level":"info","message":{"duration":"92ms","method":"GET","params":{},"path":"/api/dashboard/stats","query":{},"status":200},"timestamp":"2025-10-30T17:52:20.386Z"}
{"level":"info","message":{"body":{"brand":"Rolls royce","model":"Rolls royce","pricePerDay":"50000","registrationNo":"TN07Z1249","status":"available"},"duration":"27ms","method":"POST","params":{},"path":"/api/cars","query":{},"status":201},"timestamp":"2025-10-30T17:54:13.520Z"}
{"level":"info","message":{"duration":"17ms","method":"GET","params":{},"path":"/api/cars","query":{},"status":200},"timestamp":"2025-10-30T17:54:13.557Z"}
{"level":"info","message":{"duration":"59ms","method":"GET","params":{},"path":"/api/dashboard/stats","query":{},"status":200},"timestamp":"2025-10-30T17:54:13.595Z"}
{"level":"info","message":{"duration":"11ms","method":"GET","params":{},"path":"/api/cars","query":{},"status":304},"timestamp":"2025-10-30T17:54:21.736Z"}
{"level":"info","message":{"body":{"car":"6903a645a33c71ce2c6987d1","customerName":"Fio","rentFrom":"2025-10-31","rentTo":"2025-11-02","status":"active"},"duration":"40ms","method":"POST","params":{},"path":"/api/bookings","query":{},"status":201},"timestamp":"2025-10-30T17:55:44.768Z"}
{"level":"info","message":{"duration":"20ms","method":"GET","params":{},"path":"/api/cars","query":{},"status":200},"timestamp":"2025-10-30T17:55:44.808Z"}
{"level":"info","message":{"duration":"13ms","method":"GET","params":{},"path":"/api/bookings","query":{},"status":200},"timestamp":"2025-10-30T17:55:44.830Z"}
{"level":"info","message":{"duration":"50ms","method":"GET","params":{},"path":"/api/dashboard/stats","query":{},"status":200},"timestamp":"2025-10-30T17:55:44.847Z"}
{"level":"info","message":{"duration":"17ms","method":"GET","params":{"id":"6903a6a0a33c71ce2c6987d9"},"path":"/api/bookings/6903a6a0a33c71ce2c6987d9","query":{},"status":200},"timestamp":"2025-10-30T17:55:50.863Z"}
{"level":"info","message":{"duration":"99ms","method":"GET","params":{},"path":"/api/cars","query":{},"status":304},"timestamp":"2025-10-30T17:55:50.975Z"}
{"level":"info","message":{"body":{"password":"blessy","username":"AJovanna"},"duration":"159ms","method":"POST","params":{},"path":"/api/auth/login","query":{},"status":200},"timestamp":"2025-10-30T17:56:44.948Z"}
{"level":"info","message":{"duration":"18ms","method":"GET","params":{},"path":"/api/cars","query":{},"status":304},"timestamp":"2025-10-30T17:56:44.996Z"}
{"level":"info","message":{"duration":"22ms","method":"GET","params":{},"path":"/api/cars","query":{},"status":304},"timestamp":"2025-10-30T17:56:45.033Z"}
{"level":"info","message":{"duration":"78ms","method":"GET","params":{},"path":"/api/dashboard/stats","query":{},"status":304},"timestamp":"2025-10-30T17:56:45.053Z"}
{"level":"info","message":{"duration":"23ms","method":"GET","params":{},"path":"/api/bookings","query":{},"status":304},"timestamp":"2025-10-30T17:56:45.086Z"}
{"level":"info","message":{"duration":"123ms","method":"GET","params":{},"path":"/api/dashboard/stats","query":{},"status":401},"timestamp":"2025-10-30T19:27:38.155Z"}
{"level":"info","message":{"duration":"9ms","method":"GET","params":{},"path":"/api/cars","query":{},"status":401},"timestamp":"2025-10-30T19:27:38.190Z"}
{"level":"info","message":{"duration":"7ms","method":"GET","params":{},"path":"/api/dashboard/stats","query":{},"status":401},"timestamp":"2025-10-30T19:27:38.213Z"}
{"level":"info","message":{"duration":"7ms","method":"GET","params":{},"path":"/api/cars","query":{},"status":401},"timestamp":"2025-10-30T19:27:38.238Z"}
{"level":"info","message":{"duration":"2ms","method":"GET","params":{},"path":"/api/bookings","query":{},"status":401},"timestamp":"2025-10-30T19:27:38.255Z"}
{"level":"info","message":{"duration":"4ms","method":"GET","params":{},"path":"/api/cars","query":{},"status":401},"timestamp":"2025-10-30T19:27:38.262Z"}
{"level":"info","message":{"duration":"3ms","method":"GET","params":{},"path":"/api/cars","query":{},"status":401},"timestamp":"2025-10-30T19:27:38.276Z"}
{"level":"info","message":{"duration":"14ms","method":"GET","params":{},"path":"/api/bookings","query":{},"status":401},"timestamp":"2025-10-30T19:27:38.303Z"}
{"level":"info","message":{"body":{"password":"BLESSY","username":"AJovanna"},"duration":"277ms","method":"POST","params":{},"path":"/api/auth/login","query":{},"status":401},"timestamp":"2025-10-30T19:28:05.206Z"}
{"level":"info","message":{"body":{"password":"blessy","username":"AJovanna"},"duration":"162ms","method":"POST","params":{},"path":"/api/auth/login","query":{},"status":200},"timestamp":"2025-10-30T19:28:14.339Z"}
{"level":"info","message":{"duration":"66ms","method":"GET","params":{},"path":"/api/cars","query":{},"status":304},"timestamp":"2025-10-30T19:28:14.456Z"}
{"level":"info","message":{"duration":"10ms","method":"GET","params":{},"path":"/api/cars","query":{},"status":304},"timestamp":"2025-10-30T19:28:14.507Z"}
{"level":"info","message":{"duration":"257ms","method":"GET","params":{},"path":"/api/dashboard/stats","query":{},"status":304},"timestamp":"2025-10-30T19:28:14.655Z"}
{"level":"info","message":{"duration":"130ms","method":"GET","params":{},"path":"/api/bookings","query":{},"status":304},"timestamp":"2025-10-30T19:28:14.686Z"}
{"level":"info","message":{"duration":"69ms","method":"GET","params":{},"path":"/api/cars","query":{},"status":304},"timestamp":"2025-10-30T20:17:35.127Z"}
{"level":"info","message":{"duration":"212ms","method":"GET","params":{},"path":"/api/cars","query":{},"status":304},"timestamp":"2025-10-30T20:17:35.366Z"}
{"level":"info","message":{"duration":"420ms","method":"GET","params":{},"path":"/api/dashboard/stats","query":{},"status":304},"timestamp":"2025-10-30T20:17:35.387Z"}
{"level":"info","message":{"duration":"77ms","method":"GET","params":{},"path":"/api/bookings","query":{},"status":304},"timestamp":"2025-10-30T20:17:35.470Z"}
{"level":"info","message":{"body":{"password":"blessy","username":"AJovanna"},"duration":"194ms","method":"POST","params":{},"path":"/api/auth/login","query":{},"status":200},"timestamp":"2025-10-30T20:25:00.662Z"}
{"level":"info","message":{"duration":"177ms","method":"GET","params":{},"path":"/api/cars","query":{},"status":304},"timestamp":"2025-10-30T20:25:01.185Z"}
{"level":"info","message":{"duration":"405ms","method":"GET","params":{},"path":"/api/dashboard/stats","query":{},"status":304},"timestamp":"2025-10-30T20:25:01.283Z"}
{"level":"info","message":{"duration":"81ms","method":"GET","params":{},"path":"/api/cars","query":{},"status":304},"timestamp":"2025-10-30T20:25:01.329Z"}
{"level":"info","message":{"duration":"34ms","method":"GET","params":{},"path":"/api/bookings","query":{},"status":304},"timestamp":"2025-10-30T20:25:01.373Z"}
{"level":"info","message":{"duration":"228ms","method":"DELETE","params":{"id":"6903a645a33c71ce2c6987d1"},"path":"/api/cars/6903a645a33c71ce2c6987d1","query":{},"status":400},"timestamp":"2025-10-30T20:32:15.956Z"}
{"level":"info","message":{"duration":"35ms","method":"GET","params":{},"path":"/api/cars","query":{},"status":304},"timestamp":"2025-10-30T20:32:16.012Z"}
{"level":"info","message":{"duration":"40ms","method":"GET","params":{},"path":"/api/dashboard/stats","query":{},"status":304},"timestamp":"2025-10-30T20:32:16.025Z"}
{"level":"info","message":{"duration":"15ms","method":"DELETE","params":{"id":"6903a645a33c71ce2c6987d1"},"path":"/api/cars/6903a645a33c71ce2c6987d1","query":{},"status":400},"timestamp":"2025-10-30T20:32:23.492Z"}
{"level":"info","message":{"duration":"20ms","method":"GET","params":{},"path":"/api/cars","query":{},"status":304},"timestamp":"2025-10-30T20:32:23.530Z"}
{"level":"info","message":{"duration":"45ms","method":"GET","params":{},"path":"/api/dashboard/stats","query":{},"status":304},"timestamp":"2025-10-30T20:32:23.565Z"}
{"level":"info","message":{"duration":"12ms","method":"GET","params":{},"path":"/api/cars","query":{},"status":304},"timestamp":"2025-10-30T20:32:29.112Z"}
{"level":"info","message":{"duration":"15ms","method":"GET","params":{},"path":"/api/cars","query":{},"status":304},"timestamp":"2025-10-30T20:32:29.139Z"}
{"level":"info","message":{"duration":"50ms","method":"GET","params":{},"path":"/api/dashboard/stats","query":{},"status":304},"timestamp":"2025-10-30T20:32:29.143Z"}
{"level":"info","message":{"duration":"53ms","method":"GET","params":{},"path":"/api/bookings","query":{},"status":304},"timestamp":"2025-10-30T20:32:29.199Z"}
{"level":"info","message":{"duration":"15ms","method":"DELETE","params":{"id":"6903a645a33c71ce2c6987d1"},"path":"/api/cars/6903a645a33c71ce2c6987d1","query":{},"status":400},"timestamp":"2025-10-30T20:32:35.528Z"}
{"level":"info","message":{"duration":"23ms","method":"GET","params":{},"path":"/api/cars","query":{},"status":304},"timestamp":"2025-10-30T20:32:35.575Z"}
{"level":"info","message":{"duration":"56ms","method":"GET","params":{},"path":"/api/dashboard/stats","query":{},"status":304},"timestamp":"2025-10-30T20:32:35.614Z"}
{"level":"info","message":{"duration":"12ms","method":"GET","params":{},"path":"/api/cars","query":{},"status":304},"timestamp":"2025-10-30T20:32:38.927Z"}
{"level":"info","message":{"duration":"10ms","method":"GET","params":{},"path":"/api/cars","query":{},"status":304},"timestamp":"2025-10-30T20:32:38.942Z"}
{"level":"info","message":{"duration":"37ms","method":"GET","params":{},"path":"/api/dashboard/stats","query":{},"status":304},"timestamp":"2025-10-30T20:32:38.949Z"}
{"level":"info","message":{"duration":"19ms","method":"GET","params":{},"path":"/api/bookings","query":{},"status":304},"timestamp":"2025-10-30T20:32:38.976Z"}
{"level":"info","message":{"duration":"8ms","method":"DELETE","params":{"id":"6903a645a33c71ce2c6987d1"},"path":"/api/cars/6903a645a33c71ce2c6987d1","query":{},"status":400},"timestamp":"2025-10-30T20:32:45.132Z"}
{"level":"info","message":{"duration":"12ms","method":"GET","params":{},"path":"/api/cars","query":{},"status":304},"timestamp":"2025-10-30T20:32:45.162Z"}
{"level":"info","message":{"duration":"39ms","method":"GET","params":{},"path":"/api/dashboard/stats","query":{},"status":304},"timestamp":"2025-10-30T20:32:45.203Z"}
{"level":"info","message":{"duration":"13ms","method":"GET","params":{},"path":"/api/cars","query":{},"status":304},"timestamp":"2025-10-30T20:32:58.507Z"}
{"level":"info","message":{"duration":"37ms","method":"GET","params":{},"path":"/api/dashboard/stats","query":{},"status":304},"timestamp":"2025-10-30T20:32:58.519Z"}
{"level":"info","message":{"duration":"8ms","method":"GET","params":{},"path":"/api/cars","query":{},"status":304},"timestamp":"2025-10-30T20:32:58.532Z"}
{"level":"info","message":{"duration":"12ms","method":"GET","params":{},"path":"/api/bookings","query":{},"status":304},"timestamp":"2025-10-30T20:32:58.563Z"}
{"level":"info","message":{"duration":"10ms","method":"GET","params":{},"path":"/api/cars","query":{},"status":304},"timestamp":"2025-10-30T20:32:59.385Z"}
{"level":"info","message":{"duration":"23ms","method":"GET","params":{},"path":"/api/cars","query":{},"status":304},"timestamp":"2025-10-30T20:32:59.417Z"}
{"level":"info","message":{"duration":"78ms","method":"GET","params":{},"path":"/api/dashboard/stats","query":{},"status":304},"timestamp":"2025-10-30T20:32:59.449Z"}
{"level":"info","message":{"duration":"43ms","method":"GET","params":{},"path":"/api/bookings","query":{},"status":304},"timestamp":"2025-10-30T20:32:59.503Z"}
{"level":"info","message":{"duration":"11ms","method":"DELETE","params":{"id":"6903a645a33c71ce2c6987d1"},"path":"/api/cars/6903a645a33c71ce2c6987d1","query":{},"status":400},"timestamp":"2025-10-30T20:33:22.132Z"}
{"level":"info","message":{"duration":"14ms","method":"GET","params":{},"path":"/api/cars","query":{},"status":304},"timestamp":"2025-10-30T20:33:22.165Z"}
{"level":"info","message":{"duration":"48ms","method":"GET","params":{},"path":"/api/dashboard/stats","query":{},"status":304},"timestamp":"2025-10-30T20:33:22.206Z"}
{"level":"info","message":{"duration":"15ms","method":"GET","params":{"id":"6903a645a33c71ce2c6987d1"},"path":"/api/cars/6903a645a33c71ce2c6987d1","query":{},"status":200},"timestamp":"2025-10-30T20:33:25.656Z"}
{"level":"info","message":{"body":{"brand":"Rolls royc","model":"Rolls royce","pricePerDay":"50000","registrationNo":"TN07Z1249","status":"rented"},"duration":"68ms","method":"PUT","params":{"id":"6903a645a33c71ce2c6987d1"},"path":"/api/cars/6903a645a33c71ce2c6987d1","query":{},"status":200},"timestamp":"2025-10-30T20:33:31.630Z"}
{"level":"info","message":{"duration":"16ms","method":"GET","params":{},"path":"/api/cars","query":{},"status":200},"timestamp":"2025-10-30T20:33:31.657Z"}
{"level":"info","message":{"duration":"40ms","method":"GET","params":{},"path":"/api/dashboard/stats","query":{},"status":304},"timestamp":"2025-10-30T20:33:31.685Z"}
{"level":"info","message":{"duration":"8ms","method":"GET","params":{"id":"6903a645a33c71ce2c6987d1"},"path":"/api/cars/6903a645a33c71ce2c6987d1","query":{},"status":200},"timestamp":"2025-10-30T20:33:34.147Z"}
{"level":"info","message":{"duration":"32ms","method":"DELETE","params":{"id":"6903a6a0a33c71ce2c6987d9"},"path":"/api/bookings/6903a6a0a33c71ce2c6987d9","query":{},"status":200},"timestamp":"2025-10-30T20:33:46.459Z"}
{"level":"info","message":{"duration":"12ms","method":"GET","params":{},"path":"/api/cars","query":{},"status":200},"timestamp":"2025-10-30T20:33:46.483Z"}
{"level":"info","message":{"duration":"49ms","method":"GET","params":{},"path":"/api/dashboard/stats","query":{},"status":200},"timestamp":"2025-10-30T20:33:46.535Z"}
{"level":"info","message":{"duration":"28ms","method":"GET","params":{},"path":"/api/bookings","query":{},"status":200},"timestamp":"2025-10-30T20:33:46.544Z"}
{"level":"info","message":{"duration":"16ms","method":"DELETE","params":{"id":"6903a645a33c71ce2c6987d1"},"path":"/api/cars/6903a645a33c71ce2c6987d1","query":{},"status":200},"timestamp":"2025-10-30T20:33:55.386Z"}
{"level":"info","message":{"duration":"17ms","method":"GET","params":{},"path":"/api/cars","query":{},"status":200},"timestamp":"2025-10-30T20:33:55.419Z"}
{"level":"info","message":{"duration":"46ms","method":"GET","params":{},"path":"/api/dashboard/stats","query":{},"status":200},"timestamp":"2025-10-30T20:33:55.455Z"}
{"level":"info","message":{"duration":"8ms","method":"GET","params":{},"path":"/api/cars","query":{},"status":304},"timestamp":"2025-10-30T20:35:53.296Z"}
{"level":"info","message":{"body":{"password":"blessy"},"duration":"161ms","method":"PUT","params":{},"path":"/api/auth/settings","query":{},"status":200},"timestamp":"2025-10-30T20:38:18.080Z"}
{"level":"info","message":{"body":{"password":"blessy","username":"AJovanna"},"duration":"231ms","method":"POST","params":{},"path":"/api/auth/login","query":{},"status":200},"timestamp":"2025-10-30T21:21:59.386Z"}
{"level":"info","message":{"duration":"52ms","method":"GET","params":{},"path":"/api/cars","query":{},"status":304},"timestamp":"2025-10-30T21:21:59.483Z"}
{"level":"info","message":{"duration":"9ms","method":"GET","params":{},"path":"/api/cars","query":{},"status":304},"timestamp":"2025-10-30T21:21:59.496Z"}
{"level":"info","message":{"duration":"125ms","method":"GET","params":{},"path":"/api/dashboard/stats","query":{},"status":304},"timestamp":"2025-10-30T21:21:59.544Z"}
{"level":"info","message":{"duration":"55ms","method":"GET","params":{},"path":"/api/bookings","query":{},"status":304},"timestamp":"2025-10-30T21:21:59.568Z"}
{"level":"info","message":{"duration":"4ms","method":"GET","params":{},"path":"/api/dashboard/stats","query":{},"status":401},"timestamp":"2025-10-30T21:22:50.518Z"}
{"level":"info","message":{"duration":"4ms","method":"GET","params":{},"path":"/api/cars","query":{},"status":401},"timestamp":"2025-10-30T21:22:50.526Z"}
{"level":"info","message":{"duration":"4ms","method":"GET","params":{},"path":"/api/cars","query":{},"status":401},"timestamp":"2025-10-30T21:22:50.542Z"}
{"level":"info","message":{"duration":"6ms","method":"GET","params":{},"path":"/api/bookings","query":{},"status":401},"timestamp":"2025-10-30T21:22:50.558Z"}
{"level":"info","message":{"body":{"password":"blessy","username":"AJovanna"},"duration":"144ms","method":"POST","params":{},"path":"/api/auth/login","query":{},"status":200},"timestamp":"2025-10-30T21:23:16.071Z"}
{"level":"info","message":{"duration":"16ms","method":"GET","params":{},"path":"/api/cars","query":{},"status":304},"timestamp":"2025-10-30T21:23:16.113Z"}
{"level":"info","message":{"duration":"12ms","method":"GET","params":{},"path":"/api/cars","query":{},"status":304},"timestamp":"2025-10-30T21:23:16.135Z"}
{"level":"info","message":{"duration":"52ms","method":"GET","params":{},"path":"/api/dashboard/stats","query":{},"status":304},"timestamp":"2025-10-30T21:23:16.144Z"}
{"level":"info","message":{"duration":"26ms","method":"GET","params":{},"path":"/api/bookings","query":{},"status":304},"timestamp":"2025-10-30T21:23:16.181Z"}
{"level":"info","message":{"duration":"158ms","method":"GET","params":{},"path":"/api/dashboard/stats","query":{},"status":401},"timestamp":"2025-10-30T22:38:30.095Z"}
{"level":"info","message":{"duration":"9ms","method":"GET","params":{},"path":"/api/cars","query":{},"status":401},"timestamp":"2025-10-30T22:38:30.145Z"}
{"level":"info","message":{"duration":"6ms","method":"GET","params":{},"path":"/api/cars","query":{},"status":401},"timestamp":"2025-10-30T22:38:30.159Z"}
{"level":"info","message":{"duration":"15ms","method":"GET","params":{},"path":"/api/bookings","query":{},"status":401},"timestamp":"2025-10-30T22:38:30.180Z"}
{"level":"info","message":{"duration":"7ms","method":"GET","params":{},"path":"/api/dashboard/stats","query":{},"status":401},"timestamp":"2025-10-30T22:38:48.960Z"}
{"level":"info","message":{"duration":"7ms","method":"GET","params":{},"path":"/api/cars","query":{},"status":401},"timestamp":"2025-10-30T22:38:48.969Z"}
{"level":"info","message":{"duration":"5ms","method":"GET","params":{},"path":"/api/cars","query":{},"status":401},"timestamp":"2025-10-30T22:38:48.978Z"}
{"level":"info","message":{"duration":"4ms","method":"GET","params":{},"path":"/api/bookings","query":{},"status":401},"timestamp":"2025-10-30T22:38:48.990Z"}
{"level":"info","message":{"duration":"3ms","method":"GET","params":{},"path":"/api/dashboard/stats","query":{},"status":401},"timestamp":"2025-10-30T22:38:52.690Z"}
{"level":"info","message":{"duration":"3ms","method":"GET","params":{},"path":"/api/cars","query":{},"status":401},"timestamp":"2025-10-30T22:38:52.695Z"}
{"level":"info","message":{"duration":"8ms","method":"GET","params":{},"path":"/api/cars","query":{},"status":401},"timestamp":"2025-10-30T22:38:52.710Z"}
{"level":"info","message":{"duration":"4ms","method":"GET","params":{},"path":"/api/bookings","query":{},"status":401},"timestamp":"2025-10-30T22:38:52.718Z"}
{"level":"info","message":{"body":{"password":"blessy","username":"AJovanna"},"duration":"274ms","method":"POST","params":{},"path":"/api/auth/login","query":{},"status":200},"timestamp":"2025-10-30T22:39:04.894Z"}
{"level":"info","message":{"duration":"70ms","method":"GET","params":{},"path":"/api/cars","query":{},"status":304},"timestamp":"2025-10-30T22:39:05.012Z"}
{"level":"info","message":{"duration":"11ms","method":"GET","params":{},"path":"/api/cars","query":{},"status":304},"timestamp":"2025-10-30T22:39:05.028Z"}
{"level":"info","message":{"duration":"53ms","method":"GET","params":{},"path":"/api/bookings","query":{},"status":304},"timestamp":"2025-10-30T22:39:05.095Z"}
{"level":"info","message":{"duration":"178ms","method":"GET","params":{},"path":"/api/dashboard/stats","query":{},"status":304},"timestamp":"2025-10-30T22:39:05.103Z"}
{"level":"info","message":{"duration":"9ms","method":"GET","params":{},"path":"/api/cars","query":{},"status":304},"timestamp":"2025-10-30T22:41:01.530Z"}
{"level":"info","message":{"duration":"107ms","method":"GET","params":{},"path":"/api/dashboard/stats","query":{},"status":401},"timestamp":"2025-10-31T06:38:02.891Z"}
{"level":"info","message":{"duration":"3ms","method":"GET","params":{},"path":"/api/cars","query":{},"status":401},"timestamp":"2025-10-31T06:38:02.941Z"}
{"level":"info","message":{"duration":"12ms","method":"GET","params":{},"path":"/api/cars","query":{},"status":401},"timestamp":"2025-10-31T06:38:02.964Z"}
{"level":"info","message":{"duration":"7ms","method":"GET","params":{},"path":"/api/bookings","query":{},"status":401},"timestamp":"2025-10-31T06:38:02.991Z"}
{"level":"info","message":{"body":{"password":"blesssy","username":"AJovanna"},"duration":"3754ms","method":"POST","params":{},"path":"/api/auth/login","query":{},"status":401},"timestamp":"2025-10-31T06:38:21.378Z"}
{"level":"info","message":{"body":{"password":"blessy","username":"AJovanna"},"duration":"1971ms","method":"POST","params":{},"path":"/api/auth/login","query":{},"status":200},"timestamp":"2025-10-31T06:38:33.294Z"}
{"level":"info","message":{"duration":"133ms","method":"GET","params":{},"path":"/api/cars","query":{},"status":304},"timestamp":"2025-10-31T06:38:33.556Z"}
{"level":"info","message":{"duration":"47ms","method":"GET","params":{},"path":"/api/cars","query":{},"status":304},"timestamp":"2025-10-31T06:38:33.654Z"}
{"level":"info","message":{"duration":"441ms","method":"GET","params":{},"path":"/api/dashboard/stats","query":{},"status":304},"timestamp":"2025-10-31T06:38:33.920Z"}
{"level":"info","message":{"duration":"266ms","method":"GET","params":{},"path":"/api/bookings","query":{},"status":304},"timestamp":"2025-10-31T06:38:33.984Z"}
{"level":"info","message":{"body":{"brand":"Rolls royce","model":"Rolls royce","pricePerDay":"50000","registrationNo":"TN07Z1249","status":"available"},"duration":"703ms","method":"POST","params":{},"path":"/api/cars","query":{},"status":201},"timestamp":"2025-10-31T06:39:27.859Z"}
{"level":"info","message":{"duration":"68ms","method":"GET","params":{},"path":"/api/cars","query":{},"status":200},"timestamp":"2025-10-31T06:39:28.189Z"}
{"level":"info","message":{"duration":"260ms","method":"GET","params":{},"path":"/api/dashboard/stats","query":{},"status":200},"timestamp":"2025-10-31T06:39:28.398Z"}
{"level":"info","message":{"duration":"267ms","method":"GET","params":{},"path":"/api/cars","query":{},"status":304},"timestamp":"2025-10-31T06:39:44.955Z"}
{"level":"info","message":{"body":{"car":"6904599f1245f96aa4b964fe","customerName":"jim","rentFrom":"2025-10-31","rentTo":"2025-11-01","status":"active"},"duration":"390ms","method":"POST","params":{},"path":"/api/bookings","query":{},"status":201},"timestamp":"2025-10-31T06:40:14.957Z"}
{"level":"info","message":{"duration":"905ms","method":"GET","params":{},"path":"/api/cars","query":{},"status":200},"timestamp":"2025-10-31T06:40:16.224Z"}
{"level":"info","message":{"duration":"655ms","method":"GET","params":{},"path":"/api/bookings","query":{},"status":200},"timestamp":"2025-10-31T06:40:18.488Z"}
{"level":"info","message":{"duration":"2019ms","method":"GET","params":{},"path":"/api/dashboard/stats","query":{},"status":200},"timestamp":"2025-10-31T06:40:18.900Z"}
{"level":"info","message":{"duration":"11ms","method":"GET","params":{},"path":"/api/cars","query":{},"status":304},"timestamp":"2025-10-31T06:40:53.047Z"}
{"level":"info","message":{"duration":"208ms","method":"GET","params":{},"path":"/api/cars","query":{},"status":401},"timestamp":"2025-10-31T07:43:07.413Z"}
{"level":"info","message":{"duration":"51ms","method":"GET","params":{},"path":"/api/dashboard/stats","query":{},"status":401},"timestamp":"2025-10-31T07:56:55.509Z"}
{"level":"info","message":{"duration":"4ms","method":"GET","params":{},"path":"/api/cars","query":{},"status":401},"timestamp":"2025-10-31T07:56:55.532Z"}
{"level":"info","message":{"duration":"5ms","method":"GET","params":{},"path":"/api/cars","query":{},"status":401},"timestamp":"2025-10-31T07:56:55.549Z"}
{"level":"info","message":{"duration":"13ms","method":"GET","params":{},"path":"/api/bookings","query":{},"status":401},"timestamp":"2025-10-31T07:56:55.592Z"}
{"level":"info","message":{"body":{"password":"blessy","username":"AJovanna"},"duration":"411ms","method":"POST","params":{},"path":"/api/auth/login","query":{},"status":200},"timestamp":"2025-10-31T07:57:06.133Z"}
{"level":"info","message":{"duration":"67ms","method":"GET","params":{},"path":"/api/cars","query":{},"status":304},"timestamp":"2025-10-31T07:57:06.376Z"}
{"level":"info","message":{"duration":"32ms","method":"GET","params":{},"path":"/api/cars","query":{},"status":304},"timestamp":"2025-10-31T07:57:06.525Z"}
{"level":"info","message":{"duration":"396ms","method":"GET","params":{},"path":"/api/dashboard/stats","query":{},"status":304},"timestamp":"2025-10-31T07:57:06.580Z"}
{"level":"info","message":{"duration":"87ms","method":"GET","params":{},"path":"/api/bookings","query":{},"status":304},"timestamp":"2025-10-31T07:57:06.653Z"}
{"level":"info","message":{"duration":"159ms","method":"GET","params":{},"path":"/api/cars","query":{},"status":304},"timestamp":"2025-10-31T08:29:58.676Z"}
{"level":"info","message":{"duration":"78ms","method":"GET","params":{},"path":"/api/cars","query":{},"status":304},"timestamp":"2025-10-31T08:29:58.790Z"}
{"level":"info","message":{"duration":"497ms","method":"GET","params":{},"path":"/api/dashboard/stats","query":{},"status":304},"timestamp":"2025-10-31T08:29:58.915Z"}
{"level":"info","message":{"duration":"195ms","method":"GET","params":{},"path":"/api/bookings","query":{},"status":304},"timestamp":"2025-10-31T08:29:58.994Z"}
{"level":"info","message":{"duration":"13ms","method":"GET","params":{},"path":"/api/cars","query":{},"status":304},"timestamp":"2025-10-31T08:30:24.067Z"}
{"level":"info","message":{"body":{"car":"690381d0a33c71ce2c69863c","customerName":"caro","rentFrom":"2025-11-08","rentTo":"2025-11-09","status":"active"},"duration":"106ms","method":"POST","params":{},"path":"/api/bookings","query":{},"status":201},"timestamp":"2025-10-31T08:30:55.246Z"}
{"level":"info","message":{"duration":"27ms","method":"GET","params":{},"path":"/api/cars","query":{},"status":200},"timestamp":"2025-10-31T08:30:55.281Z"}
{"level":"info","message":{"duration":"90ms","method":"GET","params":{},"path":"/api/dashboard/stats","query":{},"status":200},"timestamp":"2025-10-31T08:30:55.352Z"}
{"level":"info","message":{"duration":"59ms","method":"GET","params":{},"path":"/api/bookings","query":{},"status":200},"timestamp":"2025-10-31T08:30:55.371Z"}
{"level":"info","message":{"duration":"37ms","method":"GET","params":{},"path":"/api/cars","query":{},"status":304},"timestamp":"2025-10-31T08:41:43.648Z"}
{"level":"info","message":{"duration":"16ms","method":"GET","params":{},"path":"/api/cars","query":{},"status":304},"timestamp":"2025-10-31T08:41:46.871Z"}
{"level":"info","message":{"body":{"brand":"Maruti Suzuki","model":"Ertica","pricePerDay":"1300","registrationNo":"TN12AB1234","status":"available"},"duration":"31ms","method":"POST","params":{},"path":"/api/cars","query":{},"status":201},"timestamp":"2025-10-31T08:42:53.318Z"}
{"level":"info","message":{"duration":"9ms","method":"GET","params":{},"path":"/api/cars","query":{},"status":200},"timestamp":"2025-10-31T08:42:53.333Z"}
{"level":"info","message":{"duration":"45ms","method":"GET","params":{},"path":"/api/dashboard/stats","query":{},"status":200},"timestamp":"2025-10-31T08:42:53.383Z"}
{"level":"info","message":{"body":{"brand":"Maruti Suzuki","model":"Ertica","pricePerDay":"1300","registrationNo":"TN12AB1234","status":"available"},"duration":"28ms","method":"POST","params":{},"path":"/api/cars","query":{},"status":400},"timestamp":"2025-10-31T08:46:35.597Z"}
{"level":"info","message":{"duration":"28ms","method":"GET","params":{},"path":"/api/cars","query":{},"status":304},"timestamp":"2025-10-31T08:46:35.659Z"}
{"level":"info","message":{"duration":"184ms","method":"GET","params":{},"path":"/api/dashboard/stats","query":{},"status":304},"timestamp":"2025-10-31T08:46:35.808Z"}
{"level":"info","message":{"duration":"12ms","method":"GET","params":{},"path":"/api/cars","query":{},"status":304},"timestamp":"2025-10-31T08:46:44.839Z"}
{"level":"info","message":{"body":{"car":"6904768dd68be94d57e8d903","customerName":"joo","rentFrom":"2025-10-17","rentTo":"2025-10-31","status":"active"},"duration":"23ms","method":"POST","params":{},"path":"/api/bookings","query":{},"status":201},"timestamp":"2025-10-31T08:46:56.117Z"}
{"level":"info","message":{"duration":"46ms","method":"GET","params":{},"path":"/api/cars","query":{},"status":200},"timestamp":"2025-10-31T08:46:56.173Z"}
{"level":"info","message":{"duration":"42ms","method":"GET","params":{},"path":"/api/bookings","query":{},"status":200},"timestamp":"2025-10-31T08:46:56.304Z"}
{"level":"info","message":{"duration":"200ms","method":"GET","params":{},"path":"/api/dashboard/stats","query":{},"status":200},"timestamp":"2025-10-31T08:46:56.333Z"}
{"level":"info","message":{"duration":"46ms","method":"GET","params":{},"path":"/api/dashboard/stats","query":{},"status":401},"timestamp":"2025-10-31T09:40:19.006Z"}
{"level":"info","message":{"duration":"25ms","method":"GET","params":{},"path":"/api/cars","query":{},"status":401},"timestamp":"2025-10-31T09:40:19.050Z"}
{"level":"info","message":{"duration":"10ms","method":"GET","params":{},"path":"/api/cars","query":{},"status":401},"timestamp":"2025-10-31T09:40:19.073Z"}
{"level":"info","message":{"duration":"4ms","method":"GET","params":{},"path":"/api/bookings","query":{},"status":401},"timestamp":"2025-10-31T09:40:19.087Z"}
{"level":"info","message":{"body":{"password":"blessy","username":"AJovanna"},"duration":"264ms","method":"POST","params":{},"path":"/api/auth/login","query":{},"status":200},"timestamp":"2025-10-31T09:40:27.425Z"}
{"level":"info","message":{"duration":"128ms","method":"GET","params":{},"path":"/api/cars","query":{},"status":304},"timestamp":"2025-10-31T09:40:27.612Z"}
{"level":"info","message":{"duration":"15ms","method":"GET","params":{},"path":"/api/cars","query":{},"status":304},"timestamp":"2025-10-31T09:40:27.633Z"}
{"level":"info","message":{"duration":"167ms","method":"GET","params":{},"path":"/api/dashboard/stats","query":{},"status":304},"timestamp":"2025-10-31T09:40:27.638Z"}
{"level":"info","message":{"duration":"53ms","method":"GET","params":{},"path":"/api/bookings","query":{},"status":304},"timestamp":"2025-10-31T09:40:27.704Z"}
{"level":"info","message":{"body":{"brand":"Maruti Suzuki","model":"Ertica","pricePerDay":"1300","registrationNo":"TN12AB1234","status":"available"},"duration":"84ms","method":"POST","params":{},"path":"/api/cars","query":{},"status":400},"timestamp":"2025-10-31T09:40:36.736Z"}
{"level":"info","message":{"duration":"14ms","method":"GET","params":{},"path":"/api/cars","query":{},"status":304},"timestamp":"2025-10-31T09:40:36.786Z"}
{"level":"info","message":{"duration":"38ms","method":"GET","params":{},"path":"/api/dashboard/stats","query":{},"status":304},"timestamp":"2025-10-31T09:40:36.803Z"}
{"level":"info","message":{"duration":"33ms","method":"GET","params":{},"path":"/api/cars","query":{},"status":304},"timestamp":"2025-10-31T09:40:43.233Z"}
{"level":"info","message":{"body":{"brand":"Maruti Suzuki","model":"Ertica","pricePerDay":"1300","registrationNo":"TN12AB1234","status":"available"},"duration":"13ms","method":"POST","params":{},"path":"/api/cars","query":{},"status":400},"timestamp":"2025-10-31T09:40:54.448Z"}
{"level":"info","message":{"duration":"14ms","method":"GET","params":{},"path":"/api/cars","query":{},"status":304},"timestamp":"2025-10-31T09:40:54.472Z"}
{"level":"info","message":{"duration":"54ms","method":"GET","params":{},"path":"/api/dashboard/stats","query":{},"status":304},"timestamp":"2025-10-31T09:40:54.515Z"}
{"level":"info","message":{"body":{"brand":"skoda","model":"rapid","pricePerDay":"1000","registrationNo":"tn92d555","status":"available"},"duration":"39ms","method":"POST","params":{},"path":"/api/cars","query":{},"status":201},"timestamp":"2025-10-31T09:41:46.358Z"}
{"level":"info","message":{"duration":"21ms","method":"GET","params":{},"path":"/api/cars","query":{},"status":200},"timestamp":"2025-10-31T09:41:46.403Z"}
{"level":"info","message":{"duration":"64ms","method":"GET","params":{},"path":"/api/dashboard/stats","query":{},"status":200},"timestamp":"2025-10-31T09:41:46.438Z"}
{"level":"info","message":{"duration":"28ms","method":"GET","params":{},"path":"/api/cars","query":{},"status":304},"timestamp":"2025-10-31T09:42:01.452Z"}
{"level":"info","message":{"body":{"car":"6904845aea5adf8b956b7a9a","customerName":"jenish","rentFrom":"2025-10-05","rentTo":"2025-10-19","status":"active"},"duration":"65ms","method":"POST","params":{},"path":"/api/bookings","query":{},"status":201},"timestamp":"2025-10-31T09:42:20.143Z"}
{"level":"info","message":{"duration":"30ms","method":"GET","params":{},"path":"/api/cars","query":{},"status":200},"timestamp":"2025-10-31T09:42:20.186Z"}
{"level":"info","message":{"duration":"98ms","method":"GET","params":{},"path":"/api/dashboard/stats","query":{},"status":200},"timestamp":"2025-10-31T09:42:20.287Z"}
{"level":"info","message":{"duration":"71ms","method":"GET","params":{},"path":"/api/bookings","query":{},"status":200},"timestamp":"2025-10-31T09:42:20.308Z"}
{"level":"info","message":{"body":{"password":"blessy","username":"ad"},"duration":"5ms","method":"POST","params":{},"path":"/api/auth/login","query":{},"status":401},"timestamp":"2025-10-31T09:50:49.452Z"}
{"level":"info","message":{"body":{"password":"blessy","username":"admin"},"duration":"184ms","method":"POST","params":{},"path":"/api/auth/login","query":{},"status":401},"timestamp":"2025-10-31T09:50:52.968Z"}
{"level":"info","message":{"body":{"password":"jovanna","username":"admin"},"duration":"174ms","method":"POST","params":{},"path":"/api/auth/login","query":{},"status":200},"timestamp":"2025-10-31T09:51:58.460Z"}
{"level":"info","message":{"duration":"12ms","method":"GET","params":{},"path":"/api/cars","query":{},"status":304},"timestamp":"2025-10-31T09:51:58.547Z"}
{"level":"info","message":{"duration":"12ms","method":"GET","params":{},"path":"/api/cars","query":{},"status":304},"timestamp":"2025-10-31T09:51:58.565Z"}
{"level":"info","message":{"duration":"42ms","method":"GET","params":{},"path":"/api/dashboard/stats","query":{},"status":304},"timestamp":"2025-10-31T09:51:58.574Z"}
{"level":"info","message":{"duration":"18ms","method":"GET","params":{},"path":"/api/bookings","query":{},"status":304},"timestamp":"2025-10-31T09:51:58.600Z"}
{"level":"info","message":{"body":{"brand":"skoda","model":"octavia","pricePerDay":"4000","registrationNo":"tn92d0909","status":"available"},"duration":"30ms","method":"POST","params":{},"path":"/api/cars","query":{},"status":201},"timestamp":"2025-10-31T09:52:35.342Z"}
{"level":"info","message":{"duration":"33ms","method":"GET","params":{},"path":"/api/cars","query":{},"status":200},"timestamp":"2025-10-31T09:52:35.383Z"}
{"level":"info","message":{"duration":"162ms","method":"GET","params":{},"path":"/api/dashboard/stats","query":{},"status":200},"timestamp":"2025-10-31T09:52:35.517Z"}
{"level":"info","message":{"body":{"brand":"innova","model":"hycross","pricePerDay":"5000","registrationNo":"TN92D1706","status":"available"},"duration":"22ms","method":"POST","params":{},"path":"/api/cars","query":{},"status":201},"timestamp":"2025-10-31T09:53:03.090Z"}
{"level":"info","message":{"duration":"30ms","method":"GET","params":{},"path":"/api/cars","query":{},"status":200},"timestamp":"2025-10-31T09:53:03.129Z"}
{"level":"info","message":{"duration":"42ms","method":"GET","params":{},"path":"/api/dashboard/stats","query":{},"status":200},"timestamp":"2025-10-31T09:53:03.285Z"}
{"level":"info","message":{"body":{"brand":"BENZ","model":"MAYBATCH","pricePerDay":"10000","registrationNo":"TN92D1234","status":"available"},"duration":"30ms","method":"POST","params":{},"path":"/api/cars","query":{},"status":201},"timestamp":"2025-10-31T09:53:29.869Z"}
{"level":"info","message":{"duration":"18ms","method":"GET","params":{},"path":"/api/cars","query":{},"status":200},"timestamp":"2025-10-31T09:53:29.900Z"}
{"level":"info","message":{"duration":"135ms","method":"GET","params":{},"path":"/api/dashboard/stats","query":{},"status":200},"timestamp":"2025-10-31T09:53:30.019Z"}
{"level":"info","message":{"duration":"17ms","method":"GET","params":{"id":"6904599f1245f96aa4b964fe"},"path":"/api/cars/6904599f1245f96aa4b964fe","query":{},"status":200},"timestamp":"2025-10-31T09:57:51.950Z"}
{"level":"info","message":{"body":{"brand":"Rolls royce","model":"Rolls royce","pricePerDay":"50000","registrationNo":"TN07Z1249","status":"available"},"duration":"14ms","method":"PUT","params":{"id":"6904599f1245f96aa4b964fe"},"path":"/api/cars/6904599f1245f96aa4b964fe","query":{},"status":200},"timestamp":"2025-10-31T09:57:56.587Z"}
{"level":"info","message":{"duration":"122ms","method":"GET","params":{},"path":"/api/cars","query":{},"status":200},"timestamp":"2025-10-31T09:57:56.735Z"}
{"level":"info","message":{"duration":"26ms","method":"GET","params":{},"path":"/api/dashboard/stats","query":{},"status":200},"timestamp":"2025-10-31T09:57:56.776Z"}
{"level":"info","message":{"duration":"11ms","method":"GET","params":{},"path":"/api/cars","query":{},"status":304},"timestamp":"2025-10-31T09:58:07.142Z"}
{"level":"info","message":{"body":{"car":"6904599f1245f96aa4b964fe","customerName":"TILAK BALA","rentFrom":"2025-10-31","rentTo":"2025-11-01","status":"active"},"duration":"23ms","method":"POST","params":{},"path":"/api/bookings","query":{},"status":201},"timestamp":"2025-10-31T09:59:45.940Z"}
{"level":"info","message":{"duration":"88ms","method":"GET","params":{},"path":"/api/cars","query":{},"status":200},"timestamp":"2025-10-31T09:59:46.046Z"}
{"level":"info","message":{"duration":"166ms","method":"GET","params":{},"path":"/api/dashboard/stats","query":{},"status":200},"timestamp":"2025-10-31T09:59:46.147Z"}
{"level":"info","message":{"duration":"48ms","method":"GET","params":{},"path":"/api/bookings","query":{},"status":200},"timestamp":"2025-10-31T09:59:46.160Z"}
{"level":"info","message":{"duration":"4ms","method":"GET","params":{},"path":"/api/dashboard/stats","query":{},"status":401},"timestamp":"2025-10-31T10:07:34.278Z"}
{"level":"info","message":{"duration":"6ms","method":"GET","params":{},"path":"/api/cars","query":{},"status":401},"timestamp":"2025-10-31T10:07:34.289Z"}
{"level":"info","message":{"duration":"5ms","method":"GET","params":{},"path":"/api/cars","query":{},"status":401},"timestamp":"2025-10-31T10:07:34.300Z"}
{"level":"info","message":{"duration":"5ms","method":"GET","params":{},"path":"/api/bookings","query":{},"status":401},"timestamp":"2025-10-31T10:07:34.320Z"}
{"level":"info","message":{"body":{"password":"jovanna","username":"admin"},"duration":"178ms","method":"POST","params":{},"path":"/api/auth/login","query":{},"status":200},"timestamp":"2025-10-31T10:08:04.177Z"}
{"level":"info","message":{"duration":"12ms","method":"GET","params":{},"path":"/api/cars","query":{},"status":200},"timestamp":"2025-10-31T10:08:04.232Z"}
{"level":"info","message":{"duration":"34ms","method":"GET","params":{},"path":"/api/dashboard/stats","query":{},"status":200},"timestamp":"2025-10-31T10:08:04.249Z"}
{"level":"info","message":{"duration":"17ms","method":"GET","params":{},"path":"/api/cars","query":{},"status":304},"timestamp":"2025-10-31T10:08:04.261Z"}
{"level":"info","message":{"duration":"12ms","method":"GET","params":{},"path":"/api/bookings","query":{},"status":200},"timestamp":"2025-10-31T10:08:04.284Z"}
{"level":"info","message":{"duration":"9ms","method":"GET","params":{"id":"69048719ea5adf8b956b7ac5"},"path":"/api/cars/69048719ea5adf8b956b7ac5","query":{},"status":200},"timestamp":"2025-10-31T10:08:31.366Z"}
{"level":"info","message":{"duration":"40ms","method":"GET","params":{},"path":"/api/dashboard/stats","query":{},"status":401},"timestamp":"2025-11-02T13:11:53.506Z"}
{"level":"info","message":{"duration":"6ms","method":"GET","params":{},"path":"/api/cars","query":{},"status":401},"timestamp":"2025-11-02T13:11:53.520Z"}
{"level":"info","message":{"duration":"5ms","method":"GET","params":{},"path":"/api/cars","query":{},"status":401},"timestamp":"2025-11-02T13:11:53.535Z"}
{"level":"info","message":{"duration":"4ms","method":"GET","params":{},"path":"/api/bookings","query":{},"status":401},"timestamp":"2025-11-02T13:11:53.553Z"}
{"level":"info","message":{"body":{"password":"blessy","username":"AJovanna"},"duration":"196ms","method":"POST","params":{},"path":"/api/auth/login","query":{},"status":200},"timestamp":"2025-11-02T13:12:09.902Z"}
{"level":"info","message":{"duration":"41ms","method":"GET","params":{},"path":"/api/cars","query":{},"status":200},"timestamp":"2025-11-02T13:12:09.978Z"}
{"level":"info","message":{"duration":"11ms","method":"GET","params":{},"path":"/api/cars","query":{},"status":304},"timestamp":"2025-11-02T13:12:09.998Z"}
{"level":"info","message":{"duration":"85ms","method":"GET","params":{},"path":"/api/dashboard/stats","query":{},"status":200},"timestamp":"2025-11-02T13:12:10.013Z"}
{"level":"info","message":{"duration":"62ms","method":"GET","params":{},"path":"/api/bookings","query":{},"status":200},"timestamp":"2025-11-02T13:12:10.081Z"}
{"level":"info","message":{"duration":"30ms","method":"DELETE","params":{"id":"6904599f1245f96aa4b964fe"},"path":"/api/cars/6904599f1245f96aa4b964fe","query":{},"status":400},"timestamp":"2025-11-02T13:12:56.504Z"}
{"level":"info","message":{"duration":"221ms","method":"GET","params":{},"path":"/api/cars","query":{},"status":304},"timestamp":"2025-11-02T13:12:56.734Z"}
{"level":"info","message":{"duration":"635ms","method":"GET","params":{},"path":"/api/dashboard/stats","query":{},"status":304},"timestamp":"2025-11-02T13:12:57.158Z"}
{"level":"info","message":{"duration":"14ms","method":"DELETE","params":{"id":"6904599f1245f96aa4b964fe"},"path":"/api/cars/6904599f1245f96aa4b964fe","query":{},"status":400},"timestamp":"2025-11-02T13:13:01.910Z"}
{"level":"info","message":{"duration":"145ms","method":"GET","params":{},"path":"/api/cars","query":{},"status":304},"timestamp":"2025-11-02T13:13:02.077Z"}
{"level":"info","message":{"duration":"103ms","method":"GET","params":{},"path":"/api/dashboard/stats","query":{},"status":304},"timestamp":"2025-11-02T13:13:02.190Z"}
{"level":"info","message":{"duration":"45ms","method":"GET","params":{},"path":"/api/cars","query":{},"status":304},"timestamp":"2025-11-02T13:13:05.362Z"}
{"level":"info","message":{"duration":"25ms","method":"GET","params":{},"path":"/api/cars","query":{},"status":304},"timestamp":"2025-11-02T13:13:05.502Z"}
{"level":"info","message":{"duration":"206ms","method":"GET","params":{},"path":"/api/dashboard/stats","query":{},"status":304},"timestamp":"2025-11-02T13:13:05.508Z"}
{"level":"info","message":{"duration":"24ms","method":"GET","params":{},"path":"/api/bookings","query":{},"status":304},"timestamp":"2025-11-02T13:13:05.544Z"}
{"level":"info","message":{"duration":"14ms","method":"DELETE","params":{"id":"6904599f1245f96aa4b964fe"},"path":"/api/cars/6904599f1245f96aa4b964fe","query":{},"status":400},"timestamp":"2025-11-02T13:13:12.638Z"}
{"level":"info","message":{"duration":"143ms","method":"GET","params":{},"path":"/api/cars","query":{},"status":304},"timestamp":"2025-11-02T13:13:12.791Z"}
{"level":"info","message":{"duration":"84ms","method":"GET","params":{},"path":"/api/dashboard/stats","query":{},"status":304},"timestamp":"2025-11-02T13:13:12.892Z"}
{"level":"info","message":{"body":{"brand":"mahindra","model":"thar","pricePerDay":"1600","registrationNo":"TN07Z1299","status":"available"},"duration":"43ms","method":"POST","params":{},"path":"/api/cars","query":{},"status":201},"timestamp":"2025-11-02T13:13:48.887Z"}
{"level":"info","message":{"duration":"14ms","method":"GET","params":{},"path":"/api/cars","query":{},"status":200},"timestamp":"2025-11-02T13:13:48.908Z"}
{"level":"info","message":{"duration":"38ms","method":"GET","params":{},"path":"/api/dashboard/stats","query":{},"status":200},"timestamp":"2025-11-02T13:13:48.938Z"}
{"level":"info","message":{"duration":"10ms","method":"GET","params":{"id":"6907590ceb03529b1b318211"},"path":"/api/cars/6907590ceb03529b1b318211","query":{},"status":200},"timestamp":"2025-11-02T13:13:58.422Z"}
{"level":"info","message":{"duration":"10ms","method":"GET","params":{},"path":"/api/cars","query":{},"status":304},"timestamp":"2025-11-02T13:14:06.711Z"}
{"level":"info","message":{"body":{"car":"6907590ceb03529b1b318211","customerName":"joney","rentFrom":"2025-11-04","rentTo":"2025-11-05","status":"active"},"duration":"34ms","method":"POST","params":{},"path":"/api/bookings","query":{},"status":201},"timestamp":"2025-11-02T13:14:28.632Z"}
{"level":"info","message":{"duration":"15ms","method":"GET","params":{},"path":"/api/cars","query":{},"status":200},"timestamp":"2025-11-02T13:14:28.658Z"}
{"level":"info","message":{"duration":"54ms","method":"GET","params":{},"path":"/api/dashboard/stats","query":{},"status":200},"timestamp":"2025-11-02T13:14:28.700Z"}
{"level":"info","message":{"duration":"35ms","method":"GET","params":{},"path":"/api/bookings","query":{},"status":200},"timestamp":"2025-11-02T13:14:28.709Z"}
{"level":"info","message":{"duration":"28ms","method":"DELETE","params":{"id":"69075934eb03529b1b31821a"},"path":"/api/bookings/69075934eb03529b1b31821a","query":{},"status":200},"timestamp":"2025-11-02T13:14:36.866Z"}
{"level":"info","message":{"duration":"14ms","method":"GET","params":{},"path":"/api/cars","query":{},"status":200},"timestamp":"2025-11-02T13:14:36.891Z"}
{"level":"info","message":{"duration":"47ms","method":"GET","params":{},"path":"/api/dashboard/stats","query":{},"status":200},"timestamp":"2025-11-02T13:14:36.928Z"}
{"level":"info","message":{"duration":"30ms","method":"GET","params":{},"path":"/api/bookings","query":{},"status":200},"timestamp":"2025-11-02T13:14:36.952Z"}
{"level":"info","message":{"duration":"13ms","method":"GET","params":{"id":"69048891ea5adf8b956b7ad4"},"path":"/api/bookings/69048891ea5adf8b956b7ad4","query":{},"status":200},"timestamp":"2025-11-02T13:14:40.314Z"}
{"level":"info","message":{"duration":"19ms","method":"GET","params":{},"path":"/api/cars","query":{},"status":304},"timestamp":"2025-11-02T13:14:40.345Z"}
{"level":"info","message":{"duration":"16ms","method":"GET","params":{},"path":"/api/cars","query":{},"status":304},"timestamp":"2025-11-02T13:14:44.540Z"}
{"level":"info","message":{"body":{"car":"6907590ceb03529b1b318211","customerName":"joney","rentFrom":"2025-11-04","rentTo":"2025-11-05","status":"active"},"duration":"15ms","method":"POST","params":{},"path":"/api/bookings","query":{},"status":201},"timestamp":"2025-11-02T13:14:50.239Z"}
{"level":"info","message":{"duration":"18ms","method":"GET","params":{},"path":"/api/cars","query":{},"status":200},"timestamp":"2025-11-02T13:14:50.269Z"}
{"level":"info","message":{"duration":"50ms","method":"GET","params":{},"path":"/api/dashboard/stats","query":{},"status":200},"timestamp":"2025-11-02T13:14:50.304Z"}
{"level":"info","message":{"duration":"28ms","method":"GET","params":{},"path":"/api/bookings","query":{},"status":200},"timestamp":"2025-11-02T13:14:50.314Z"}
{"level":"info","message":{"body":{"password":"jovanna","username":"admin"},"duration":"304ms","method":"POST","params":{},"path":"/api/auth/login","query":{},"status":200},"timestamp":"2025-11-02T17:44:11.789Z"}
{"level":"info","message":{"duration":"72ms","method":"GET","params":{},"path":"/api/cars","query":{},"status":304},"timestamp":"2025-11-02T17:44:11.932Z"}
{"level":"info","message":{"duration":"31ms","method":"GET","params":{},"path":"/api/cars","query":{},"status":304},"timestamp":"2025-11-02T17:44:11.990Z"}
{"level":"info","message":{"duration":"201ms","method":"GET","params":{},"path":"/api/dashboard/stats","query":{},"status":304},"timestamp":"2025-11-02T17:44:12.038Z"}
{"level":"info","message":{"duration":"99ms","method":"GET","params":{},"path":"/api/bookings","query":{},"status":304},"timestamp":"2025-11-02T17:44:12.123Z"}
{"level":"info","message":{"body":{"password":"jovanna","username":"admin"},"duration":"193ms","method":"POST","params":{},"path":"/api/auth/login","query":{},"status":200},"timestamp":"2025-11-02T17:44:43.442Z"}
{"level":"info","message":{"duration":"22ms","method":"GET","params":{},"path":"/api/cars","query":{},"status":304},"timestamp":"2025-11-02T17:44:43.609Z"}
{"level":"info","message":{"duration":"29ms","method":"GET","params":{},"path":"/api/cars","query":{},"status":304},"timestamp":"2025-11-02T17:44:43.659Z"}
{"level":"info","message":{"duration":"111ms","method":"GET","params":{},"path":"/api/dashboard/stats","query":{},"status":304},"timestamp":"2025-11-02T17:44:43.692Z"}
{"level":"info","message":{"duration":"30ms","method":"GET","params":{},"path":"/api/bookings","query":{},"status":304},"timestamp":"2025-11-02T17:44:43.818Z"}
{"level":"info","message":{"body":{"password":"jovanna","username":"admin"},"duration":"319ms","method":"POST","params":{},"path":"/api/auth/login","query":{},"status":200},"timestamp":"2025-11-02T17:57:48.310Z"}
{"level":"info","message":{"duration":"418ms","method":"GET","params":{},"path":"/api/cars","query":{},"status":200},"timestamp":"2025-11-02T17:57:48.927Z"}
{"level":"info","message":{"duration":"830ms","method":"GET","params":{},"path":"/api/dashboard/stats","query":{},"status":200},"timestamp":"2025-11-02T17:57:49.191Z"}
{"level":"info","message":{"duration":"76ms","method":"GET","params":{},"path":"/api/cars","query":{},"status":304},"timestamp":"2025-11-02T17:57:49.308Z"}
{"level":"info","message":{"duration":"220ms","method":"GET","params":{},"path":"/api/bookings","query":{},"status":200},"timestamp":"2025-11-02T17:57:49.490Z"}
{"level":"info","message":{"body":{"password":"jovanna","username":"admin"},"duration":"197ms","method":"POST","params":{},"path":"/api/auth/login","query":{},"status":200},"timestamp":"2025-11-02T17:58:27.431Z"}
{"level":"info","message":{"duration":"21ms","method":"GET","params":{},"path":"/api/cars","query":{},"status":304},"timestamp":"2025-11-02T17:58:27.659Z"}
{"level":"info","message":{"duration":"84ms","method":"GET","params":{},"path":"/api/cars","query":{},"status":304},"timestamp":"2025-11-02T17:58:27.815Z"}
{"level":"info","message":{"duration":"195ms","method":"GET","params":{},"path":"/api/dashboard/stats","query":{},"status":304},"timestamp":"2025-11-02T17:58:27.840Z"}
{"level":"info","message":{"duration":"78ms","method":"GET","params":{},"path":"/api/bookings","query":{},"status":304},"timestamp":"2025-11-02T17:58:27.988Z"}
{"level":"info","message":{"duration":"75ms","method":"GET","params":{"id":"69048719ea5adf8b956b7ac5"},"path":"/api/cars/69048719ea5adf8b956b7ac5","query":{},"status":200},"timestamp":"2025-11-02T17:58:44.110Z"}
{"level":"info","message":{"body":{"brand":"BENZ","model":"MAYBATCH","pricePerDay":"100000","registrationNo":"TN92D1234","status":"rented"},"duration":"107ms","method":"PUT","params":{"id":"69048719ea5adf8b956b7ac5"},"path":"/api/cars/69048719ea5adf8b956b7ac5","query":{},"status":200},"timestamp":"2025-11-02T17:58:59.458Z"}
{"level":"info","message":{"duration":"276ms","method":"GET","params":{},"path":"/api/cars","query":{},"status":200},"timestamp":"2025-11-02T17:58:59.775Z"}
{"level":"info","message":{"duration":"231ms","method":"GET","params":{},"path":"/api/dashboard/stats","query":{},"status":200},"timestamp":"2025-11-02T17:58:59.899Z"}
{"level":"info","message":{"duration":"100ms","method":"DELETE","params":{"id":"69048719ea5adf8b956b7ac5"},"path":"/api/cars/69048719ea5adf8b956b7ac5","query":{},"status":200},"timestamp":"2025-11-02T17:59:10.603Z"}
{"level":"info","message":{"duration":"255ms","method":"GET","params":{},"path":"/api/cars","query":{},"status":200},"timestamp":"2025-11-02T17:59:11.067Z"}
{"level":"info","message":{"duration":"2965ms","method":"GET","params":{},"path":"/api/dashboard/stats","query":{},"status":200},"timestamp":"2025-11-02T17:59:13.784Z"}
{"level":"info","message":{"duration":"22ms","method":"GET","params":{},"path":"/api/cars","query":{},"status":304},"timestamp":"2025-11-02T17:59:47.108Z"}
{"level":"info","message":{"body":{"car":"690486ffea5adf8b956b7abe","customerName":"sophia","rentFrom":"2025-11-05","rentTo":"2025-11-06","status":"active"},"duration":"91ms","method":"POST","params":{},"path":"/api/bookings","query":{},"status":201},"timestamp":"2025-11-02T18:00:23.370Z"}
{"level":"info","message":{"duration":"136ms","method":"GET","params":{},"path":"/api/cars","query":{},"status":200},"timestamp":"2025-11-02T18:00:23.540Z"}
{"level":"info","message":{"duration":"178ms","method":"GET","params":{},"path":"/api/dashboard/stats","query":{},"status":200},"timestamp":"2025-11-02T18:00:23.695Z"}
{"level":"info","message":{"duration":"93ms","method":"GET","params":{},"path":"/api/bookings","query":{},"status":200},"timestamp":"2025-11-02T18:00:23.752Z"}
{"level":"info","message":{"body":{"password":"jovanna","username":"admin"},"duration":"277ms","method":"POST","params":{},"path":"/api/auth/login","query":{},"status":200},"timestamp":"2025-11-02T18:12:06.578Z"}
{"level":"info","message":{"duration":"271ms","method":"GET","params":{},"path":"/api/cars","query":{},"status":304},"timestamp":"2025-11-02T18:12:06.917Z"}
{"level":"info","message":{"duration":"103ms","method":"GET","params":{},"path":"/api/cars","query":{},"status":304},"timestamp":"2025-11-02T18:12:07.107Z"}
{"level":"info","message":{"duration":"524ms","method":"GET","params":{},"path":"/api/dashboard/stats","query":{},"status":304},"timestamp":"2025-11-02T18:12:07.197Z"}
{"level":"info","message":{"duration":"92ms","method":"GET","params":{},"path":"/api/bookings","query":{},"status":304},"timestamp":"2025-11-02T18:12:07.341Z"}
{"level":"info","message":{"duration":"10ms","method":"GET","params":{"id":"6903824aa33c71ce2c69864a"},"path":"/api/cars/6903824aa33c71ce2c69864a","query":{},"status":200},"timestamp":"2025-11-02T18:12:50.685Z"}
{"level":"info","message":{"body":{"brand":"Mahindra","model":"Thar","pricePerDay":"2100","registrationNo":"TN07Z1246","status":"available"},"duration":"39ms","method":"PUT","params":{"id":"6903824aa33c71ce2c69864a"},"path":"/api/cars/6903824aa33c71ce2c69864a","query":{},"status":200},"timestamp":"2025-11-02T18:13:02.620Z"}
{"level":"info","message":{"duration":"89ms","method":"GET","params":{},"path":"/api/cars","query":{},"status":200},"timestamp":"2025-11-02T18:13:02.851Z"}
{"level":"info","message":{"duration":"157ms","method":"GET","params":{},"path":"/api/dashboard/stats","query":{},"status":200},"timestamp":"2025-11-02T18:13:02.923Z"}
{"level":"info","message":{"body":{"brand":"bbbbb","model":"aaaa","pricePerDay":"10000","registrationNo":"1011","status":"available"},"duration":"61ms","method":"POST","params":{},"path":"/api/cars","query":{},"status":201},"timestamp":"2025-11-02T18:13:35.466Z"}
{"level":"info","message":{"duration":"133ms","method":"GET","params":{},"path":"/api/cars","query":{},"status":200},"timestamp":"2025-11-02T18:13:35.641Z"}
{"level":"info","message":{"duration":"182ms","method":"GET","params":{},"path":"/api/dashboard/stats","query":{},"status":200},"timestamp":"2025-11-02T18:13:35.832Z"}
{"level":"info","message":{"duration":"64ms","method":"GET","params":{},"path":"/api/cars","query":{},"status":304},"timestamp":"2025-11-02T18:14:02.773Z"}
{"level":"info","message":{"duration":"53ms","method":"GET","params":{},"path":"/api/cars","query":{},"status":304},"timestamp":"2025-11-02T18:14:02.974Z"}
{"level":"info","message":{"duration":"318ms","method":"GET","params":{},"path":"/api/dashboard/stats","query":{},"status":304},"timestamp":"2025-11-02T18:14:03.021Z"}
{"level":"info","message":{"duration":"75ms","method":"GET","params":{},"path":"/api/bookings","query":{},"status":200},"timestamp":"2025-11-02T18:14:03.073Z"}
{"level":"info","message":{"duration":"40ms","method":"DELETE","params":{"id":"69079f4fed08eb555791244a"},"path":"/api/cars/69079f4fed08eb555791244a","query":{},"status":200},"timestamp":"2025-11-02T18:14:18.695Z"}
{"level":"info","message":{"duration":"21ms","method":"GET","params":{},"path":"/api/cars","query":{},"status":200},"timestamp":"2025-11-02T18:14:18.839Z"}
{"level":"info","message":{"duration":"29ms","method":"GET","params":{},"path":"/api/dashboard/stats","query":{},"status":200},"timestamp":"2025-11-02T18:14:18.875Z"}
{"level":"info","message":{"duration":"228ms","method":"GET","params":{},"path":"/api/cars","query":{},"status":304},"timestamp":"2025-11-02T18:14:38.294Z"}
{"level":"info","message":{"body":{"car":"6903824aa33c71ce2c69864a","customerName":"soph","rentFrom":"2025-11-22","rentTo":"2025-11-23","status":"active"},"duration":"27ms","method":"POST","params":{},"path":"/api/bookings","query":{},"status":201},"timestamp":"2025-11-02T18:15:07.576Z"}
{"level":"info","message":{"duration":"166ms","method":"GET","params":{},"path":"/api/cars","query":{},"status":200},"timestamp":"2025-11-02T18:15:07.772Z"}
{"level":"info","message":{"duration":"32ms","method":"GET","params":{},"path":"/api/bookings","query":{},"status":200},"timestamp":"2025-11-02T18:15:07.821Z"}
{"level":"info","message":{"duration":"81ms","method":"GET","params":{},"path":"/api/dashboard/stats","query":{},"status":200},"timestamp":"2025-11-02T18:15:07.857Z"}
{"level":"info","message":{"body":{"password":"jovanna","username":"admin"},"duration":"286ms","method":"POST","params":{},"path":"/api/auth/login","query":{},"status":200},"timestamp":"2025-11-03T06:06:04.543Z"}
{"level":"info","message":{"duration":"95ms","method":"GET","params":{},"path":"/api/cars","query":{},"status":200},"timestamp":"2025-11-03T06:06:04.808Z"}
{"level":"info","message":{"duration":"78ms","method":"GET","params":{},"path":"/api/cars","query":{},"status":304},"timestamp":"2025-11-03T06:06:04.938Z"}
{"level":"info","message":{"duration":"319ms","method":"GET","params":{},"path":"/api/dashboard/stats","query":{},"status":200},"timestamp":"2025-11-03T06:06:05.062Z"}
{"level":"info","message":{"duration":"149ms","method":"GET","params":{},"path":"/api/bookings","query":{},"status":200},"timestamp":"2025-11-03T06:06:05.224Z"}
{"level":"info","message":{"body":{"password":"jovanna","username":"admin"},"duration":"756ms","method":"POST","params":{},"path":"/api/auth/login","query":{},"status":200},"timestamp":"2025-11-03T07:02:09.457Z"}
{"level":"info","message":{"duration":"162ms","method":"GET","params":{},"path":"/api/cars","query":{},"status":304},"timestamp":"2025-11-03T07:02:09.947Z"}
{"level":"info","message":{"duration":"336ms","method":"GET","params":{},"path":"/api/dashboard/stats","query":{},"status":304},"timestamp":"2025-11-03T07:02:10.110Z"}
{"level":"info","message":{"duration":"142ms","method":"GET","params":{},"path":"/api/cars","query":{},"status":304},"timestamp":"2025-11-03T07:02:10.208Z"}
{"level":"info","message":{"duration":"46ms","method":"GET","params":{},"path":"/api/bookings","query":{},"status":304},"timestamp":"2025-11-03T07:02:10.355Z"}
{"level":"info","message":{"body":{"password":"eunice","role":"user","username":"sophia"},"duration":"381ms","method":"POST","params":{},"path":"/api/auth/signup","query":{},"status":201},"timestamp":"2025-11-03T07:03:26.061Z"}
{"level":"info","message":{"body":{"password":"eunice","username":"sophia"},"duration":"287ms","method":"POST","params":{},"path":"/api/auth/login","query":{},"status":200},"timestamp":"2025-11-03T07:04:05.267Z"}
{"level":"info","message":{"duration":"168ms","method":"GET","params":{},"path":"/api/cars","query":{},"status":304},"timestamp":"2025-11-03T07:04:05.591Z"}
{"level":"info","message":{"duration":"122ms","method":"GET","params":{},"path":"/api/cars","query":{},"status":304},"timestamp":"2025-11-03T07:04:05.724Z"}
{"level":"info","message":{"duration":"443ms","method":"GET","params":{},"path":"/api/dashboard/stats","query":{},"status":304},"timestamp":"2025-11-03T07:04:05.753Z"}
{"level":"info","message":{"duration":"46ms","method":"GET","params":{},"path":"/api/bookings","query":{},"status":304},"timestamp":"2025-11-03T07:04:05.803Z"}
{"level":"info","message":{"body":{"password":"eunice","username":"sophia"},"duration":"617ms","method":"POST","params":{},"path":"/api/auth/login","query":{},"status":200},"timestamp":"2025-11-03T08:43:37.316Z"}
{"level":"info","message":{"duration":"446ms","method":"GET","params":{},"path":"/api/cars","query":{},"status":304},"timestamp":"2025-11-03T08:43:37.807Z"}
{"level":"info","message":{"duration":"21ms","method":"GET","params":{},"path":"/api/cars","query":{},"status":304},"timestamp":"2025-11-03T08:43:37.874Z"}
{"level":"info","message":{"duration":"533ms","method":"GET","params":{},"path":"/api/dashboard/stats","query":{},"status":304},"timestamp":"2025-11-03T08:43:38.033Z"}
{"level":"info","message":{"duration":"96ms","method":"GET","params":{},"path":"/api/bookings","query":{},"status":304},"timestamp":"2025-11-03T08:43:38.174Z"}
{"level":"info","message":{"body":{"password":"bbbb","role":"user","username":"aaaa"},"duration":"214ms","method":"POST","params":{},"path":"/api/auth/signup","query":{},"status":201},"timestamp":"2025-11-03T08:51:30.746Z"}
{"level":"info","message":{"body":{"password":"bbbb","username":"aaaa"},"duration":"175ms","method":"POST","params":{},"path":"/api/auth/login","query":{},"status":200},"timestamp":"2025-11-03T08:52:00.944Z"}
{"level":"info","message":{"duration":"34ms","method":"GET","params":{},"path":"/api/cars","query":{},"status":304},"timestamp":"2025-11-03T08:52:01.199Z"}
{"level":"info","message":{"duration":"37ms","method":"GET","params":{},"path":"/api/cars","query":{},"status":304},"timestamp":"2025-11-03T08:52:01.328Z"}
{"level":"info","message":{"duration":"215ms","method":"GET","params":{},"path":"/api/dashboard/stats","query":{},"status":304},"timestamp":"2025-11-03T08:52:01.386Z"}
{"level":"info","message":{"duration":"42ms","method":"GET","params":{},"path":"/api/bookings","query":{},"status":304},"timestamp":"2025-11-03T08:52:01.436Z"}
{"level":"info","message":{"body":{"brand":"bbbbb","model":"aaaaa","pricePerDay":"10000000","registrationNo":"23564","status":"available"},"duration":"58ms","method":"POST","params":{},"path":"/api/cars","query":{},"status":201},"timestamp":"2025-11-03T08:53:15.552Z"}
{"level":"info","message":{"duration":"128ms","method":"GET","params":{},"path":"/api/cars","query":{},"status":200},"timestamp":"2025-11-03T08:53:15.708Z"}
{"level":"info","message":{"duration":"173ms","method":"GET","params":{},"path":"/api/dashboard/stats","query":{},"status":200},"timestamp":"2025-11-03T08:53:15.746Z"}
